sentence,mut_sentence,check,reason,tokens.num,mut.error,standard,mut.reason
This building shook like hell and it kept getting stronger .,This building is shaking like hell and it keeps getting stronger.,Realistic,这个句子语法上没有错误，且符合语义表达。'This building is shaking like hell' 使用了夸张的表达方式来描述建筑摇晃得非常厉害，而 'and it keeps getting stronger' 表示摇晃的强度在不断增加，这在描述地震或其他导致建筑摇晃的情境中是合理的。,11,0,standard,"原句使用的是过去式（shook, kept getting），变异句使用的是现在进行时（is shaking, keeps getting），符合时态变换的要求。"
"Teletovic had already begun to stand out as the best on his team with 13 points , even though Splitter 's `` six fewer '' points already signaled that it was n't going to be the best night for the Brazilian .","Teletovic is already beginning to stand out as the best on his team with 13 points, even though Splitter's 'six fewer' points already signal that it isn't going to be the best night for the Brazilian.",Realistic,这句话在语法和语义上都是正确的。主语Teletovic和Splitter的动作和得分情况被清晰地表达出来，并且使用了比较结构（'six fewer'）来对比两人的得分。句子没有明显的语法错误，也没有违反常识。,42,0,standard,原句使用的是过去完成时态（had already begun/to stand out），变异句使用的是现在进行时态（is already beginning/to stand out），这表明句子在时态上发生了指定的变换。
That is the way the system works .,That was the way the system worked.,Realistic,这个句子在语法和语义上都是正确的。'That was the way the system worked'是一个完整的句子，表达了系统工作方式的客观事实，没有语法错误，也没有违反常识。,8,0,standard,原句的时态为一般现在时，变异句的时态变为了过去时，符合指定的时态变换。
"Giovanni Peri has calculated that a rise of 1 % in the migratory flow causes an increase of between 0,6 and 0,9 % in real long-term pay .",Giovanni Peri calculated that a rise of 1% in the migratory flow had caused an increase of between 0.6 and 0.9% in real long-term pay.,Realistic,该句子在语法和语义上都是正确的。主语Giovanni Peri与谓语calculated搭配合理，宾语从句中描述了一个计算结果，使用了正确的时态和语态，且句子表达的意思符合常理，没有违背常识。,28,0,standard,原句使用现在完成时，变异句使用过去完成时，符合时态变换的要求。
Baskonia gives away a victory in Israel,Baskonia gave away a victory in Israel,Realistic,这句话在语法和语义上都是正确的。'Baskonia' 可能指的是一个篮球队或体育队伍，在以色列的比赛中失去了胜利，'gave away a victory' 意味着他们可能因为失误或其它原因失去了本应获得的胜利。这种表达在体育赛事的报道中是常见的。,7,0,standard,原句使用的是一般现在时，变异句使用了一般过去时，时态发生了指定的变换。
"Emerging genetic tests will be able to spot such cancer-susceptible individuals , ushering in what some scientists believe is a new age of predictive cancer diagnosis .","Emerging genetic tests are becoming able to spot such cancer-susceptible individuals, ushering in what some scientists believe to be a new age of predictive cancer diagnosis.",Realistic,该句子在语法和语义上都是正确的。句子使用了现在进行时，表达了正在发生的事情，即基因测试正在变得能够识别易患癌症的个体，并且预示着一些科学家认为的预测性癌症诊断新纪元的到来。句子没有明显的语法错误，也没有违反常识。,27,0,standard,原句使用了一般将来时（will be able to），而变异句使用了现在进行时（are becoming able to），这体现了时态的变换。同时，两句话都表达了一个正在发生或即将发生的情况，但变异句用现在进行时表达了趋势，符合指定的时态变换要求。
"When Alimta is given with cisplatin , an anti-emetic medicine ( to prevent vomiting ) and fluids ( to prevent dehydration ) should also be given before or after the cisplatin dose .","When Alimta was given with cisplatin, an anti-emetic medicine (to prevent vomiting) and fluids (to prevent dehydration) were also given before or after the cisplatin dose.",Realistic,该句子在语法和语义上都是正确的。使用了正确的时态，句子结构清晰，并且提供了合理的医疗信息。,33,0,standard,原句使用的是一般现在时态，变异句使用了一般过去时态，符合指定的时态变换。
"The perspectives of the social partners is also being examined , with particular attention paid to proposals for removing age barriers .","The perspectives of the social partners have also been examined, with particular attention having been paid to proposals for removing age barriers.",Realistic,该句子在语法和语义上都是正确的。使用了现在完成时态，表达了过去发生的动作对现在的影响，同时语义上表达了社会合作伙伴的视角已经得到了审查，特别是关于消除年龄障碍的提案。整个句子结构清晰，表达合理。,22,1,standard,原句使用现在进行时，变异句使用了现在完成时，两者都属于现在时态，但焦点和语气有所不同，体现了时态的变换。
"But after all , why should they ?","But after all, why should they have?",Realistic,这句话在语法上是正确的，使用了疑问词why来提出一个问题，表达了一种合理的疑问或反问的语气。,8,0,standard,原句使用了一般现在时，变异句使用了现在完成时，符合时态变换的要求。
"Numerous other scandals , among them the ones at HUD , have the same characteristics as Wedtech .","Numerous other scandals, among them the ones at HUD, had the same characteristics as Wedtech.",Realistic,该句子在语法和语义上都是正确的。句子使用了逗号分隔的列举结构，'among them' 引导了一个非限制性定语从句，正确描述了HUD中的丑闻与其他丑闻（包括Wedtech）具有相同特征。整个句子表达清晰，没有语法错误，也没有违反常识。,18,0,standard,原句使用现在时态（have），变异句使用过去时态（had），符合时态变换的要求。
How does Cerenia work ?,How did Cerenia work?,Realistic,这是一个疑问句，语法结构正确，语义上询问Cerenia是如何工作的，没有明显的语法错误或违背常识。,5,0,standard,原句使用了一般现在时，变异句使用了一般过去时，时态发生了变换。
"In races for the White House , a voter 's incentive , at the margin , is to lean Republican .","In races for the White House, a voter's incentive, at the margin, was to lean Republican.",Realistic,这句话在语法上是正确的，使用了正确的时态和结构。在语义上，它表达了一个观点，即在美国总统选举中，边缘选民倾向于支持共和党，这并不违反常识，而是反映了某种政治分析或观察。,21,0,standard,原句使用的是现在时态（is），变异句使用的是过去时态（was），符合指定的时态变换。
"However , Pnini and Eidson , the best on their team , did not give up and tried to keep their team alive from the three-point line ( 70-77 ) .","However, Pnini and Eidson, the best on their team, do not give up and try to keep their team alive from the three-point line (70-77).",Realistic,这句话在语法和语义上都是正确的。它描述了Pnini和Eidson在比赛中尽管处于劣势，但仍然没有放弃，并试图通过三分线投篮来保持他们的队伍竞争力。句子使用了正确的时态和语法结构，没有违反常识。,31,0,standard,"原句使用的是过去时态（did not give up, tried to keep），而变异句使用的是现在时态（do not give up, try to keep），符合指定的时态变换。"
The current settlements are the first of their kind .,The previous settlements were the first of their kind.,Realistic,句子在语法和语义上都是正确的。'The previous settlements'指先前的定居点或协议，'were the first of their kind'表明它们是同类中的第一个，意思表达清楚，没有语法错误。,10,0,standard,原句使用的是现在时态('are')，而变异句使用的是过去时态('were')，符合指定的时态变换。
"Already two major pharmaceutical companies , the Squibb unit of Bristol-Myers Squibb Co. and Hoffmann-La Roche Inc. , are collaborating with gene hunters to turn the anticipated cascade of discoveries into predictive tests and , maybe , new therapies .","Already, two major pharmaceutical companies, the Squibb unit of Bristol-Myers Squibb Co. and Hoffmann-La Roche Inc., have collaborated with gene hunters to turn the anticipated cascade of discoveries into predictive tests and, maybe, new therapies.",Realistic,该句子在语法和语义上都是正确的。句子结构清晰，使用了正确的时态和语态，表达了两个制药公司与基因猎人合作，将预期的一系列发现转化为预测性测试，甚至可能是新疗法的事实。句子没有明显的语法错误，也没有违反常识。,40,0,standard,原句使用现在进行时态（are collaborating），变异句使用现在完成时态（have collaborated），时态发生了指定的变换。
"Migrants are also net contributors to social systems , averaging 1 % of the total budgets of European countries .","Migrants were also net contributors to social systems, averaging 1% of the total budgets of European countries.",Realistic,该句子在语法和语义上都是正确的。主语'migrants'与谓语'were'保持一致，且句子表达的意思是合理的，即移民对欧洲国家的社会系统总体上是贡献者，并且平均贡献了总预算的1%。这个句子没有明显的语法错误，也没有违反常识。,20,0,standard,原句的时态为一般现在时，变异句的时态变为了过去时，符合指定的时态变换。
Below these tabs you will find an input field to type your functions or do your calculations .,Below these tabs you can find an input field to type your functions or do your calculations.,Realistic,该句子在语法和语义上都是正确的。它清楚地描述了在标签下方可以找到一个输入字段来输入函数或进行计算。句子结构完整，没有语法错误，且符合常识。,18,0,standard,原句和变异句中的时态均为一般现在时，没有发生时态变换。
"Hundreds of Californians made their way to their computers after the quake , and checked in with each other on electronic bulletin boards , which link computers CB-radio-style , via phone lines .","Hundreds of Californians are making their way to their computers after the quake, and are checking in with each other on electronic bulletin boards, which link computers CB-radio-style, via phone lines.",Realistic,这句话在语法和语义上都是正确的。它描述了加利福尼亚人在地震后使用电脑和电子公告板相互检查情况的行为，这符合常识，也使用了正确的语法结构。,33,0,standard,"原句使用的是过去时态（made, checked），而变异句使用的是现在进行时态（are making, are checking），符合指定的时态变换要求。"
"Alimta is used in combination with cisplatin in patients who have not been treated before , and on its own in patients who have received another type of chemotherapy in the past .","Alimta is used in combination with cisplatin in patients who are not being treated currently, and on its own in patients who have received another type of chemotherapy previously.",Realistic,该句子在语法和语义上都是正确的。它正确地描述了药物Alimta与顺铂的联合使用情况，以及对于之前接受过其他类型化疗的患者的单独使用情况。句子结构清晰，没有语法错误，且内容符合医学治疗常规。,33,0,standard,原句中使用了过去完成时('have not been treated before' 和 'have received another type of chemotherapy in the past')，变异句中使用了现在进行时('are not being treated currently')和现在完成时('have received another type of chemotherapy previously')，这体现了时态从过去完成时到现在进行时和现在完成时的变换。
"Some of the countries most vulnerable to the impact of climate change indicated they would continue to push for a legally binding treaty in Copenhagen , although most of the major participants say the talks will produce a political deal at best .","Some of the countries most vulnerable to the impact of climate change indicate they are continuing to push for a legally binding treaty in Copenhagen, although most of the major participants say the talks are likely to produce a political deal at best.",Realistic,该句子在语法和语义上都是正确的。主语和谓语搭配合理，从句使用恰当，表达的意思是明确的：一些最容易受到气候变化影响的国家表示他们仍在哥本哈根争取达成一项具有法律约束力的条约，尽管大多数主要参与者认为谈判最多只能达成一项政治协议。这个句子没有语法错误，也没有违反常识。,43,0,standard,"原句中使用的是过去时态（indicated, would continue to push），而变异句中使用了现在进行时态（indicate, are continuing to push），这符合时态变换的要求。"
"He went for more aspirin later in the day , and passed the surly landlord on the way -- he was still alive and scowling as usual , as if tenants were a burden in his life .","He goes for more aspirin later in the day, and passes the surly landlord on the way -- he is still alive and scowling as usual, as if tenants are a burden in his life.",Realistic,这句话在语法和语义上都是正确的。主语和谓语搭配得当，句子使用了正确的时态，并且描述了一个合乎逻辑的场景。其中，'passes the surly landlord on the way' 描述了在去拿阿司匹林的路上遇到了一个脾气不好的房东，而 'he is still alive and scowling as usual' 是对房东状态的进一步描述，表达了房东对房客的态度。整个句子没有语法错误，也没有违反常识。,38,0,standard,"原句使用的是过去时态（went, passed, was），而变异句将时态改变为现在时态（goes, passes, is），符合指定的时态变换。"
`` Progressive education `` ( as it was once called ) is far more interesting and agreeable to teachers than is disciplined instruction .,"Progressive education, as it is sometimes called, is far more interesting and agreeable to teachers than disciplined instruction is.",Realistic,这句话在语法和语义上都是正确的。它使用了比较级形式，比较了progressive education和disciplined instruction对老师的吸引程度。句子结构清晰，表达了一个合理的观点。,24,0,nonstandard,原句与变异句在时态上没有发生改变，原句和变异句中的时态均为一般现在时。
"The reasons are complex , but one simple reason ought not to be underestimated .","The reasons were complex, but one simple reason ought not to have been underestimated.",Realistic,该句子在语法和语义上都是正确的。主语'The reasons'与谓语'were complex'搭配合理，从句中使用了情态动词'ought not to have been'来表示过去本不应该低估的那个简单原因，符合语法规则和常识。,15,0,standard,原句使用的是现在时态('are'和'ought not to be')，变异句使用的是过去时态('were'和'ought not to have been')，符合指定的时态变换。
Eventually we came to rest in a soggy patch of field where we had the exquisite pleasure of scrambling out of the basket into the mud while the French half of our ballooning tag team scrambled in .,Eventually we come to rest in a soggy patch of field where we have the exquisite pleasure of scrambling out of the basket into the mud while the French half of our ballooning tag team scrambles in.,Realistic,这句话在语法和语义上都是正确的。它使用了形象生动的语言来描述一个场景，其中包含了合理的动作和情境描述，没有明显的语法错误，也没有违反常识。,38,0,standard,"原句使用的是过去时态（came, had, scrambled），而变异句将动词时态变为了现在时（come, have, scrambles），符合指定的时态变换。"
"It also rose in Mexico , where the economy has recovered after suffering a big drop in output last year .","It also rose in Mexico, where the economy recovered after suffering a big drop in output the previous year.",Realistic,这句话在语法和语义上都是正确的。它使用了正确的时态和语态，句子结构清晰，表达了一个合理的情境，即墨西哥经济在经历了前一年的大幅下降之后正在恢复。,21,0,standard,原句中的'last year'被变异句中的'the previous year'所替代，这是时态变换的一种，表示过去的时间，两者在意义上相同，都指代过去的年份，因此符合指定的时态变换。
"`` What 's he doing ? `` hissed my companion , who was the only other English-speaking member of the convention and whose knuckles were white .","What was he doing? hissed my companion, who was the only other English-speaking member of the convention and whose knuckles were white.",Realistic,这句话在语法和语义上都是正确的。使用了过去进行时态来询问过去某个时刻正在进行的动作，并且使用了现在分词's hissed'来描述伴随状况，同时通过定语从句提供了额外信息，增加了句子的丰富性。整个句子结构清晰，没有语法错误，也没有违反常识。,27,0,standard,原句使用的是现在进行时态('doing')，而变异句使用的是过去进行时态('was doing')，这符合指定的时态变换。
"It 's a flimsy structure , built up on supports , and it was really rocking around .","It's a flimsy structure, built up on supports, and it is really rocking around.",Realistic,句子在语法和语义上都是正确的。'It's a flimsy structure' 描述了一个结构不稳固的情况，'built up on supports' 指出了它是如何被建造的，而 'it is really rocking around' 进一步描述了这个结构在摇晃的状态，整个句子符合常识和英语表达习惯。,18,0,standard,原句使用的是过去进行时（was rocking around），变异句使用的是现在进行时（is really rocking around），时态未发生指定的变换。
I have felt many aftershocks .,I had felt many aftershocks.,Realistic,句子在语法和语义上都是正确的。使用了过去完成时态，表明在过去某个时间点之前感受到了多次余震，符合英语语法规则和常识。,6,0,standard,原句使用现在完成时态（have felt），变异句使用过去完成时态（had felt），时态发生了指定的变换。
"Like most of the other 6,000 churches in Britain with sets of bells , St. Michael once had its own `` band `` of ringers , who would herald every Sunday morning and evening service .","Like most of the other 6,000 churches in Britain with sets of bells, St. Michael has its own ""band"" of ringers, who herald every Sunday morning and evening service.",Realistic,"该句子在语法和语义上都是正确的。主语（St. Michael）和谓语（has）搭配合理，描述了一个事实，即圣迈克尔教堂有自己的钟铃乐队。句子中的定语（most of the other 6,000 churches in Britain with sets of bells）也合理地修饰了先行词churches，并且句子整体表达了在英国许多有钟铃的教堂中，圣迈克尔教堂是其中之一，并且有专门的敲钟人队伍在每周日上午和晚上服务前敲钟。该句子没有违反常识，也没有明显的语法错误。",36,0,standard,"原句使用的是过去时（had, would herald），变异句使用的是现在时（has, herald），符合时态变换的要求。"
"We know that very early exposure to schooling improves performance in the first grade , but afterward the difference is quickly washed away .","We knew that very early exposure to schooling improved performance in the first grade, but afterward the difference was quickly washed away.",Realistic,这句话在语法和语义上都是正确的。它表达了一个关于早期教育对一年级学生表现影响的研究发现，并指出这种差异随后会逐渐消失。句子结构清晰，没有语法错误，且内容符合常识和常见的研究结论。,24,0,standard,原句使用了一般现在时，变异句使用了过去时，符合时态变换的要求。
"It runs out frantically now and then , and is clearly pretty distressed .","It ran out frantically now and then, and was clearly pretty distressed.",Realistic,这个句子在语法和语义上都是正确的。'It'指代某个主体，'ran out frantically now and then'描述了它偶尔慌张地跑出去，'was clearly pretty distressed'表明它显然非常痛苦。整个句子表达了一个主体的状态和情感，没有语法错误，也没有违反常识。,14,1,standard,"原句使用的是现在时态（runs, is），变异句使用的是过去时态（ran, was），符合指定的时态变换。"
"Now he recalled it very clearly , and wondered what the truck driver had seen in those eyes to make him back off .","Now he remembers it very clearly, and wonders what the truck driver sees in those eyes to make him back off.",Realistic,这句话在语法和语义上都是正确的。主语（he）记得很清楚，并且想知道是什么让卡车司机退缩。使用了正确的时态和语法结构，没有违反常识。,24,0,standard,"原句使用的是过去式（recalled, had seen），而变异句使用的是现在式（remembers, sees），符合时态变换的要求。"
"That is scarcer in Mexico and Central America , where the recession was more severe and violent crime has worsened .","That is scarcer in Mexico and Central America, where the recession is more severe and violent crime has been worsening.",Realistic,该句子在语法和语义上都是正确的。主语'That'指代前文提到的某个相对稀缺的事物或现象，在墨西哥和中美洲由于经济衰退更为严重，且暴力犯罪不断恶化，所以这个事物或现象在这些地区更为稀缺。句子结构清晰，没有语法错误，且符合常识。,21,0,standard,"原句中使用的是过去时态（was, has worsened），而变异句中使用了现在时态（is, has been worsening），符合指定的时态变换。"
These national studies will form the basis of a European report which synthesises overall practices .,These national studies form the basis of a European report which synthesises overall practices.,Realistic,这句话在语法和语义上都是正确的。'These national studies' 是主语，'form' 是谓语，'the basis of a European report' 是宾语，而 'which synthesises overall practices' 是定语从句，修饰先行词 'a European report'。整个句子表达的是这些国家的研究构成了一个综合了整体实践的欧洲报告的基础，这在逻辑上也是合理的。,16,0,standard,原句使用了一般将来时（will form），变异句使用了一般现在时（form），时态发生了指定的变换。
Study after study -- the most recent from the Brookings Institution -- tells us that the best schools are those that are free of outside interference and are governed by a powerful head .,Study after study -- the most recent one from the Brookings Institution -- told us that the best schools were those that were free of outside interference and were governed by a powerful head.,Realistic,这句话在语法和语义上都是正确的。它使用了正确的时态和结构，表达了研究结果的普遍性，并明确指出了是由布鲁金斯学会最近的一项研究提供了信息。句子没有语法错误，也没有违反常识。,34,0,standard,原句使用了一般现在时，变异句使用了过去时，符合时态变换的要求。
"The three of us stopped breathing for a moment , and then when it kept on coming we lunged for the doorway .","The three of us stop breathing for a moment, and then when it keeps on coming we lunge for the doorway.",Realistic,这句话在语法和语义上都是正确的。主语是'The three of us'，谓语是'stop breathing'和'lunge for the doorway'，表达了三个人的动作。句子描述了一个场景，其中三人因为某种原因停止了呼吸，然后当某种情况持续发生时，他们冲向门口。这个句子没有明显的语法错误，也没有违反常识。,23,0,standard,"原句使用的是过去式（stopped, kept on coming, lunged），而变异句使用的是一般现在时（stop, keeps on coming, lunge），符合时态变换的要求。"
In quoting from our research you emphasized the high prevalance of mental illness and alcoholism .,"In quoting from our research, you emphasize the high prevalence of mental illness and alcoholism.",Realistic,这句话在语法和语义上都是正确的。'In quoting from our research' 是一个状语从句，说明了引用的来源；'you emphasize' 是主句，表达了强调的动作；'the high prevalence of mental illness and alcoholism' 是宾语，说明了强调的内容。整个句子表达的意思清晰，没有语法错误，也不违反常识。,16,0,standard,原句使用的是过去式动词'emphasized'，变异句中改为现在时动词'emphasize'，符合时态变换的要求。
"`` Right now , we 're lucky if after five years we keep one new ringer out of 10 , `` he adds .","Right now, we're lucky if after five years we keep one new ringer out of 10, he says.",Realistic,这句话在语法和语义上都是正确的。'Right now' 提供了一个时间背景，'we're lucky if' 表示一种假设或不太可能的情况，'after five years' 指的是一段时间，'we keep one new ringer out of 10' 意味着在10个人中只有1个人留下来了，这是一个合理的表达。整个句子结构清晰，意思表达明确，没有违反常识。,24,0,nonstandard,原句和变异句在时态上没有发生变化。原句使用了现在时态的'adds'，变异句也使用了现在时态的'says'，两句的时态保持一致，没有进行指定的时态变换。
"And the reason we do not want to is that effective education would require us to relinquish some cherished metaphysical beliefs about human nature in general and the human nature of young people in particular , well as to violate some cherished vested interests .","And the reason we do not want to is that effective education would require us to relinquish some cherished metaphysical beliefs about human nature in general and the human nature of young people in particular, as well as to violate some cherished vested interests.",Realistic,该句子在语法和语义上都是正确的。它使用了正确的时态和语法结构，表达了对于教育改革可能需要放弃某些深信不疑的关于人性的理念以及可能触犯某些既得利益的看法，这在语义上是连贯且符合逻辑的。,45,1,nonstandard,原句与变异句在时态上没有发生变化，两句均使用了现在时态。
"Support for democracy in Latin America continues to edge up , as does backing for private enterprise .","Support for democracy in Latin America has continued to edge up, as has backing for private enterprise.",Realistic,该句子在语法和语义上都是正确的。使用了正确的时态，并且句意清晰表达了拉丁美洲对民主的支持以及对私营企业的支持都在逐渐上升。,18,0,standard,原句使用了一般现在时态，变异句使用了现在完成时态，符合时态变换的要求。
"According to Dr. Wright , homelessness is `` simultaneously a housing problem , an employment problem , a demographic problem , a problem of social disaffiliation , a mental health problem , a family violence problem , a problem created by the cutbacks in social welfare spending , a problem resulting from the decay of the traditional nuclear family , and a problem intimately connected to the recent increase in the number of persons living below the poverty level . ``","According to Dr. Wright, homelessness is `` simultaneously a housing problem, an employment problem, a demographic problem, a problem of social disaffiliation, a mental health problem, a family violence problem, a problem created by the cutbacks in social welfare spending, a problem resulting from the decay of the traditional nuclear family, and a problem intimately connected to the current increase in the number of persons living below the poverty level.''",Realistic,这句话在语法和语义上都是正确的。它使用了复杂的句式结构，列举了多种与无家可归问题相关的因素，这些都是合理的描述，并没有违反常识或语法规则。,81,0,nonstandard,原句和变异句在时态上没有发生改变，都使用了现在时态。指定变换为时态变换，但两句话的时态保持一致，没有进行变换。
Endless seconds wondering if those huge windows would buckle and shower us with glass .,Endless seconds are spent wondering if those huge windows will buckle and shower us with glass.,Realistic,这句话在语法和语义上都是正确的。使用了夸张的修辞手法（endless seconds）来表达焦虑和紧张的情绪，wondering if引导的宾语从句疑问是否那些大窗户会崩塌并溅我们一身玻璃，这在语义上是通顺的，表达了人们对潜在危险的担忧。,15,0,standard,原句使用的是现在分词短语（wondering）作为伴随状语，表示与主语（Endless seconds）同时发生的动作。变异句将现在分词变换为被动语态（are spent wondering），表示动作被花费在某个活动上，时态从进行时变为了被动语态，符合指定的时态变换要求。
What is Alimta used for ?,What was Alimta used for?,Realistic,句子结构正确，使用了正确的时态提问过去某个药物的使用目的。,6,0,standard,原句的时态为现在时，变异句的时态变为了过去时，符合指定的时态变换。
"In the long , frightening night after Tuesday 's devastating earthquake , Bay Area residents searched for comfort and solace wherever they could .","In the long, frightening night following Tuesday's devastating earthquake, Bay Area residents are searching for comfort and solace wherever they can.",Realistic,这句话在语法和语义上都是正确的。它使用了合适的时态和词汇来描述在星期二毁灭性地震后，湾区居民在漫长的、可怕的夜晚寻找安慰的情景。,24,0,standard,原句使用的是过去时态（searched for），而变异句使用的是现在进行时态（are searching for），这符合指定的时态变换。
"It often is preceded by the development of polyps in the bowel , which in some cases become increasingly malignant in identifiable stages -- progressing from less severe to deadly -- as though a cascade of genetic damage might be occurring .","It often was preceded by the development of polyps in the bowel, which in some cases became increasingly malignant in identifiable stages -- progressing from less severe to deadly -- as though a cascade of genetic damage might have been occurring.",Realistic,该句子在语法和语义上都是正确的。句子使用了正确的时态和语态，并且逻辑上表达了一个医学现象的逐步恶化过程，没有违反常识。,42,0,standard,"原句中的现在时态（is, become, progressing, might be occurring）在变异句中均变为了过去时态（was, became, progressed, might have been occurring），符合指定的时态变换。"
"Alimta was also compared with gemcitabine ( another anticancer medicine ) , both in combination with cisplatin , in a study involving 1,725 patients who had not received chemotherapy for lung cancer in the past .","Alimta is also being compared with gemcitabine (another anticancer medicine), both in combination with cisplatin, in a study involving 1,725 patients who have not received chemotherapy for lung cancer in the past.",Realistic,该句子在语法和语义上都是正确的。句子结构清晰，主语、谓语、宾语完整，使用了恰当的时态和语态，并且提供了具体的研究信息，没有违反常识。,36,0,standard,原句使用了一般过去时（was compared），而变异句使用了现在进行时（is being compared），这是明显的时态变换。
"The teeth in question , intended to serve to dissuade immigrants , had precisely the opposite effect .","The teeth in question, intended to serve to dissuade immigrants, have precisely the opposite effect.",Realistic,这句话在语法上是正确的，使用了拟人化的表达方式，将‘牙齿’比喻为用来阻止移民的工具，但实际上产生了相反的效果。从语义上看，这种表达可能是为了强调某种政策或措施的实际影响与其初衷相反，这在修辞上是可行的。,18,0,standard,原句使用过去完成时态「had precisely the opposite effect」，变异句使用现在完成时态「have precisely the opposite effect」，时态发生了指定的变换。
"Scientists call the new class of genes tumor-suppressors , or simply anti-cancer genes .","Scientists called the new class of genes tumor-suppressors, or simply anti-cancer genes.",Realistic,"这句话在语法和语义上都是正确的。'Scientists'作为主语，'called'是谓语动词，'the new class of genes'作为宾语，后面跟着同位语'tumor-suppressors, or simply anti-cancer genes'，对前面的宾语进行了解释和补充。整个句子表达了科学家们对新一类基因的命名，这与科学研究和术语的使用习惯相符。",14,0,standard,原句的时态为现在时，变异句的时态变为了过去时，符合指定的时态变换。
The talks took on new urgency as delegates focused on the fact that they must resolve most of the outstanding issues before the heads of government arrive to strike a deal .,The talks are taking on new urgency as delegates focus on the fact that they must resolve most of the outstanding issues before the heads of government arrive to strike a deal.,Realistic,该句子在语法和语义上都是正确的。句子使用了现在进行时态，表达了正在进行的紧迫性。从语义上看，句子表达了代表们在政府首脑到来之前必须解决大部分悬而未决的问题，这符合会议的常规流程和紧迫性。,32,0,standard,"原句使用的是过去时（took on, focused），而变异句使用的是现在进行时（are taking on, focus），符合时态变换的要求。"
But that is not likely to be the last word on the issue .,But that is not likely to be the next word on the issue.,Realistic,这个句子在语法和语义上都是正确的。'But that is not likely to be the next word on the issue.'这句话的结构完整，意义清晰，表达了对于某个问题上接下来可能不会出现某个词语的看法。,14,0,nonstandard,原句和变异句中的时态并没有发生改变，都使用了现在时态。指定变换为时态变换，但两句话的时态保持一致，没有变化。
"Additionally , their huge success from the sidelines , with 16 three pointers scored , had a lot to do with the final triumph .","Additionally, their huge success from the sidelines, with 16 three pointers being scored, has a lot to do with the final triumph.",Realistic,这句话在语法和语义上都是正确的。此外，它表达的意思是合理的，即场边投进的16个三分球对于最终的胜利起到了很大的作用。,25,0,standard,原句中使用的是过去时态（scored），而变异句中使用了现在进行时态（being scored），这不符合指定的时态变换要求。
"Occasionally , gross chromosome damage was visible .","Occasionally, gross chromosome damage is visible.",Realistic,句子在语法和语义上都是正确的。'Occasionally' 是副词，表示有时候；'gross' 在这里作为形容词，表示总的或者明显的；'chromosome damage' 是名词短语，指染色体损伤；'is visible' 表示可以被看见。整个句子表达了有时候染色体损伤是可以被观察到的，这在科学上是合理的。,8,0,standard,原句使用过去时态（was visible），变异句使用现在时态（is visible），时态发生了指定的变换。
"But experience shows that in reality immigrants are much more complementary to , rather than replacements of , local labor , exercising trades in which there is a shortage of local labor .","But experience showed that in reality immigrants were much more complementary to, rather than replacements of, local labor, exercising trades in which there was a shortage of local labor.",Realistic,此句在语法和语义上均正确。句子使用了转折词 'But' 来指出实际情况与预期可能相反。使用了 'complementary to' 来表示移民是对当地劳动力的补充，而不是替代，这与 'replacements of' 形成对比。此外，'exercising trades in which there was a shortage of local labor' 正确地描述了移民所从事的行业是当地劳动力短缺的行业。整个句子表达清晰，没有语法错误，也没有违反常识。,33,1,standard,原句的时态为一般现在时，变异句的时态变为了过去时，符合指定的时态变换。
"The new money flows into the already top-heavy administrative structure , which busies itself piling more and more paper work on the teachers .","The new money flowed into the already top-heavy administrative structure, which busied itself piling more and more paper work on the teachers.",Realistic,这句话在语法和语义上都是正确的。'The new money flowed into the already top-heavy administrative structure' 描述了资金流入已经过于庞大的行政结构，'which busied itself piling more and more paper work on the teachers' 使用了非限制性定语从句，说明了这个行政结构让老师们忙于堆积越来越多的文书工作。整个句子表达了行政结构臃肿和老师负担加重的情况，没有语法错误，也没有违反常识。,24,0,standard,原句中的现在时态变为变异句中的过去时态，符合指定的时态变换。
"Inside the lobby , people were standing around , talking excitedly .","Inside the lobby, people are standing around, talking excitedly.",Realistic,"句子在语法和语义上都是正确的。'Inside the lobby' 描述了地点，'people are standing around, talking excitedly' 描述了人们在lobby里的动作和状态，整个句子符合常识，没有语法错误。",12,0,standard,原句使用的是过去进行时，变异句使用的是现在进行时，时态发生了变化，但不是指定的变换。指定变换为时态变换，但两句话的时态都属于进行时态，没有从一种时态变换到另一种不同的时态，如从过去时变为现在时或将来时等。
"About two-thirds of the Well 's 3,000 subscribers live in the Bay Area .","About two-thirds of the Well's 3,000 subscribers lived in the Bay Area.",Realistic,"句子在语法和语义上都是正确的。主语（About two-thirds of the Well's 3,000 subscribers）和谓语（lived）搭配合理，表达的意思清晰，即大约三分之二的Well的3000名订阅者住在湾区，这并不违反常识。",14,0,standard,原句使用现在时态，变异句使用过去时态，时态发生了指定的变换。
The defense lawyers say they will also challenge the constitutionality of the death penalty and argue that the judge wrongly removed a juror who had been critical of prosecutors and that he improperly added pressure for a verdict by his unusual decision to direct the jury to deliberate over a weekend .,The defense lawyers are saying they are also challenging the constitutionality of the death penalty and arguing that the judge is wrongly removing a juror who is being critical of prosecutors and that he is improperly adding pressure for a verdict by his unusual decision to direct the jury to deliberate over a weekend.,Realistic,该句子在语法和语义上都是正确的。它使用了正确的时态和结构来表达辩护律师正在做的事情，并且句子内容没有违反常识。,52,0,standard,原句使用了一般现在时和过去完成时，变异句中相应地使用了现在进行时和现在进行时的被动语态，符合时态变换的要求。
"Still , Friday featured the same sort of verbal fireworks that have dominated the talks for the past week .","Still, Friday features the same sort of verbal fireworks that are dominating the talks this week.",Realistic,这句话在语法和语义上都是正确的。'Still'可以用作副词，表示尽管有所期待或情况持续，'features'是动词，表示包含或具有某种特征，'verbal fireworks'是一个比喻，用来形容讨论中激烈的言辞交锋，整个句子表达了周五的讨论和本周的其他时间一样激烈。,20,0,standard,原句使用的是过去式('featured'和'have dominated')，而变异句使用的是现在式('features'和'are dominating')，时态发生了变换。
"For the treatment of non-small cell lung cancer , the effects of Alimta were compared with those of docetaxel ( another anticancer medicine ) in one study involving 571 patients with locally advanced or metastatic disease who had received chemotherapy in the past .","For the treatment of non-small cell lung cancer, the effects of Alimta are compared with those of docetaxel (another anticancer medicine) in a study involving 571 patients with locally advanced or metastatic disease who have received chemotherapy in the past.",Realistic,该句子在语法和语义上都是正确的。句子结构清晰，使用了合适的时态和语态，并且提供了具体的研究信息，没有违反常识。,44,0,standard,原句使用的是过去时（were compared），而变异句使用的是现在时（are compared），这表明句子发生了指定的时态变换。
"It hopes to speak to students at theological colleges about the joys of bell ringing and will shortly publish a booklet for every vicar in the country entitled , `` The Bells in Your Care . ``","It is hoping to speak to students at theological colleges about the joys of bell ringing and is preparing to publish a booklet for every vicar in the country entitled, 'The Bells in Your Care.'",Realistic,这句话在语法和语义上都是正确的。使用了现在进行时态表达未来的计划或意图，这在英语中是常见的表达方式。句子的结构清晰，意思明确，没有违背常识。,37,0,standard,"原句中使用了简单现在时（hopes, will publish），而变异句中使用了现在进行时（hoping, preparing to publish），这符合时态变换的要求。"
"This being Britain , no woman has filed an equal-opportunity suit , but the extent of the problem surfaced this summer in a series of letters to `` The Ringing World , `` a weekly newspaper for ringers .","This being Britain, no woman is filing an equal-opportunity suit, but the extent of the problem is surfacing this summer in a series of letters to 'The Ringing World,' a weekly newspaper for ringers.",Realistic,这句话在语法和语义上都是正确的。它使用了现在进行时态来描述一般情况，这是英语中表达习惯或倾向的一种方式。句子的结构清晰，表达了在英国，女性不常提起平等机会诉讼的现象，但问题却在一系列给《The Ringing World》的信件中逐渐被揭露。这并不违反常识，而是描述了一个社会现象。,39,0,standard,原句使用现在完成时，变异句使用现在进行时，表示动作正在发生，时态发生了指定的变换。
"Artur Runge-Metzger , who heads international climate negotiations on behalf of the European Commission , said the push by small island nations has `` put political pressure on the entire political process , '' in part because they are now unified and demanding action from emerging economies such as China and India .","Artur Runge-Metzger, who heads international climate negotiations on behalf of the European Commission, says the push by small island nations is `` putting political pressure on the entire political process, '' in part because they are now unified and demanding action from emerging economies such as China and India.",Realistic,该句子在语法和语义上都是正确的。句子结构清晰，主语和谓语搭配得当，使用了合适的从句和引语来表达意思。句子内容也符合常识，小岛屿国家通过统一立场向新兴经济体施压，这是国际气候谈判中常见的情况。,53,0,standard,原句中使用的是过去时（said），变异句中使用的是现在时（says），这表明句子发生了时态变换。
Then a wild thought ran circles through his clouded brain .,A wild thought runs circles through his clouded brain.,Grammatical error,"The phrase 'runs circles' is not idiomatic. The correct phrase should be 'runs around' or simply 'runs'. Additionally, 'through his clouded brain' is a bit awkward; it would be more natural to say 'in his cloudy mind'.",11,0,standard,原句使用的是过去时态（ran），变异句使用的是现在时态（runs），符合时态变换的要求。
`` Feeding Frenzy `` does provide a few clues .,Feeding Frenzy provided a few clues.,Realistic,句子结构完整，主谓宾清晰，语义表达合理。'Feeding Frenzy' 可能为游戏名、活动名或电影的名称，在此作为主语，'provided' 是谓语动词，'a few clues' 是宾语，整体表达了提供了一些线索的意思，语法和语义均无错误。,10,0,standard,原句使用的是现在时态（does provide），变异句使用的是过去时态（provided），符合指定的时态变换。
kalgebra is a mathematical calculator based on content markup MathML language .,Kalgebra was a mathematical calculator based on content markup MathML language.,Grammatical error,句子中的「based on content markup MathML language」部分语法上不正确，应该使用「based on the MathML markup language for content」或者「based on content MathML markup」。另外，「Kalgebra」如果是软件名，通常首字母应大写，即「KAlgebra」。,12,1,standard,原句使用的是现在时态（is），变异句使用的是过去时态（was），符合指定的时态变换。
"Very suddenly , the driver stopped swearing at them , turned on his heel and went back to his truck .","Very suddenly, the driver stops swearing at them, turns on his heel and goes back to his truck.",Realistic,这个句子在语法和语义上都是正确的。'Very suddenly' 是一个副词短语，用来修饰动词 'stops'，表达了动作发生得很快。整个句子描述了一个司机突然停止对他们咒骂，转身回到他的卡车上的情景，这符合常理，并且没有语法错误。,21,0,standard,"原句使用的是过去式（stopped, turned, went），而变异句使用的是现在时（stops, turns, goes），时态发生了指定的变换。"
"As the economists Ian Goldin and Geoffrey Cameron , remind us in a recent book summarising the most recent knowledge of immigration ( Exceptional People : How Migration Shaped Our World and Will Define Our Future , mai 2011 , Princeton University Press , 352 pp . ) , there is wide consensus among specialists on the positive impact of migration flows on economic growth , wages and employment in countries , which admit immigrants .","As the economists Ian Goldin and Geoffrey Cameron remind us in their recent book summarizing the most recent knowledge of immigration (Exceptional People: How Migration Shapes Our World and Will Define Our Future, May 2011, Princeton University Press, 352 pp.), there is wide consensus among specialists on the positive impact of migration flows on economic growth, wages, and employment in countries that admit immigrants.",Realistic,这句话在语法和语义上都是正确的。它使用了正确的时态和语态，句子结构清晰，表达了一个合理的观点，并且提到了具体的来源和出版信息，没有违背常识。,76,0,nonstandard,原句与变异句在时态上没有发生变化，都使用了现在时态。
"And does so without taking into account the fact that the diversity contributed by immigrants contributes to the creation of ideas and to economic growth ( a large proportion of naturalised immigrants are among American Nobel prize winners , whilst Google , Intel , Paypal , eBay and Yahoo were all founded by immigrants ) .","And does so without taking into account the fact that the diversity contributed by immigrants contributes to the creation of ideas and to economic growth ( a large proportion of naturalised immigrants are among American Nobel prize winners, whilst Google, Intel, Paypal, eBay, and Yahoo are all founded by immigrants).",Realistic,该句子在语法和语义上都是正确的。它表达了一个观点，即移民的贡献在创意生成和经济增长方面没有得到充分考虑。句子的结构是复合句，使用了现在分词短语作为原因状语，列举了一些移民创立的公司和获得诺贝尔奖的例子，这些都是事实支持的，没有语法错误，也没有违反常识。,56,1,standard,原句与变异句在时态上没有发生变化。两个句子中动词的时态均为现在时，没有进行指定的时态变换。
This test was the first to predict reliably whether an individual could expect to develop cancer .,This test is the first to predict reliably whether an individual can expect to develop cancer.,Realistic,这句话在语法和语义上都是正确的。它使用了现在时态，表明这个测试能够用于预测个体未来是否有可能发展成癌症，这并不违背常识。,17,0,standard,原句使用了一般过去时，而变异句使用了现在时，没有发生指定的时态变换。
Ballooning at the de rigueur hour of 6 a.m. held all the attraction for most people of sunrise root-canal work .,Ballooning at the de rigueur hour of 6 a.m. holds all the attraction for most people of sunrise root-canal work.,Realistic,这句话在语法上是正确的，使用了比喻的修辞手法。'de rigueur'表示某事是必须的或惯例的，而'sunrise root-canal work'则是一个比喻，将早起热气球之旅与大多数人都不愿意做的根管治疗相比较，强调了它对大多数人来说缺乏吸引力。这种表达方式在英语中是常见的，用于强调某种活动的非吸引力。,21,1,standard,原句使用了一般过去时（held），变异句使用了一般现在时（holds），时态发生了指定的变换。
"Of the approximately 200 sponsors of the recent march in Washington for the homeless , you chose to cite such groups as the National Association of Home Builders and the International Union of Bricklayers and Allied Craftsmen , insinuating that the march got its major support from self-serving groups that `` know a good thing when they see it , `` and that the crusade was based on greed or the profit motive .","Of the approximately 200 sponsors of the recent march in Washington for the homeless, you choose to cite such groups as the National Association of Home Builders and the International Union of Bricklayers and Allied Craftsmen, insinuating that the march is getting its major support from self-serving groups that ""know a good thing when they see it,"" and that the crusade is based on greed or the profit motive.",Realistic,该句子在语法和语义上都是正确的。它使用了恰当的从句结构，并且表达了明确的意思，没有违反常识。,74,0,standard,"原句使用的是过去时态（chose to cite, got, was based），而变异句中动词时态未发生改变，依然使用了原句的过去时态，没有按照指定的时态变换。"
"If he is competent and conscientious , he serves us well .","If he was competent and conscientious, he served us well.",Realistic,"这句话在语法和语义上都是正确的。使用了条件句的过去时态（was, served），表明了对过去情况的假设。同时，从句意来看，它表达了一个合理的逻辑关系，即如果某人既称职又有责任心，那么他会很好地为我们服务。",12,0,standard,原句使用的是一般现在时，变异句使用了一般过去时，时态发生了指定的变换。
Downtown Bolinas seems to be the part of town that 's worst off .,Downtown Bolinas seemed to be the part of town that was worst off.,Realistic,该句子在语法和语义上都是正确的。'Downtown Bolinas'指代一个具体的地区，'seemed to be'表示观察者的感觉或印象，'the part of town that was worst off'描述了这个地区相对较不景气或较为贫困的状态，整个句子表达了一个合理的观察或观点。,14,0,standard,原句的时态为现在seems to be，变异句的时态变为了过去seemed to be，符合指定的时态变换。
Wedtech 's scammers simply bribed them to shut up .,Wedtech's scammers simply bribe them to shut up.,Realistic,该句子在语法和语义上都是正确的。句子使用了现在时态，表达了Wedtech公司的骗子们通过贿赂使人们保持沉默的行为。句子结构简洁，主语和谓语动词一致，符合英语语法规则。,10,0,standard,原句使用的是过去式（bribed），变异句使用的是现在式（bribe），时态发生了变换。
No student should be permitted to be graduated from elementary school without having mastered the 3 R 's at the level that prevailed 20 years ago .,No student should be permitted to graduate from elementary school without mastering the 3 R 's at the level that prevails today.,Realistic,这句话在语法和语义上都是正确的。主语和谓语搭配得当，句子结构清晰，意思明确。3 R 's 通常指的是阅读（Reading）、写作（Writing）和算术（Arithmetic），这是基础教育的核心内容，句子表达了不应该允许任何学生在没有掌握这些基础的情况下从小学毕业的观点，这符合常识和教育原则。,27,1,standard,原句中使用的是过去时（prevailed 20 years ago），而变异句中使用的是现在时（prevails today），这并非是时态的变换，而是时间状语的改变，导致整个句子所表达的时间概念不同。因此，句子未发生指定的时态变换。
Two American companies reached deals for fields auctioned in June .,Two American companies are reaching deals for fields auctioned in June.,Realistic,该句子在语法和语义上都是正确的。主语'Two American companies'和谓语'are reaching deals'之间的一致性良好，且句子表达的意思清晰，即两家美国公司正在就六月份拍卖的领域达成协议，这符合商业活动的常识。,11,0,standard,原句使用了一般过去时态（reached），而变异句使用了现在进行时态（are reaching），时态发生了指定的变换。
Many hairline cracks in the concrete slabs afterwards .,Many hairline cracks appear in the concrete slabs now.,Realistic,句子在语法和语义上都是正确的。使用了现在时态描述当前发生的动作，且句子成分完整，没有明显的语法错误。,9,1,standard,原句使用的是一般现在时态（afterwards），而变异句使用了一般现在时（now），表示动作发生在现在，时态发生了变换。
"When I saw the pictures of 880 and the Bay Bridge , I began to cry .","When I see the pictures of 880 and the Bay Bridge, I begin to cry.",Realistic,这句话在语法和语义上都是正确的。'880'可能指的是某种特定的标识或与Bay Bridge（海湾大桥）相关的特定事物，使得说话者看到这些图片时感动到流泪，这在情感表达上是合理的。,17,0,standard,"原句使用的是过去时态（saw, began to cry），而变异句使用的是现在时态（see, begin to cry），符合指定的时态变换。"
In between came lots of coffee drinking while watching the balloons inflate and lots of standing around deciding who would fly in what balloon and in what order the baskets hold no more than four passengers .,"In between, there is lots of coffee drinking while watching the balloons inflate, and there is lots of standing around deciding who will fly in what balloon and in what order the baskets hold no more than four passengers.",Realistic,该句子在语法和语义上都是正确的。句子描述了一个场景，其中包含了喝咖啡、观看气球充气、决定谁将乘坐哪个气球以及篮子的乘客数量限制等细节。句子使用了合适的时态和语态，表达清晰，没有明显的语法错误，也没有违反常识。,37,1,standard,"原句使用的是过去时态（came, drinking, standing, deciding），而变异句中使用的是现在时态（is, watching, deciding），没有发生指定的时态变换。"
It contains the active substance pemetrexed .,It contained the active substance pemetrexed.,Realistic,句子'It contained the active substance pemetrexed.'在语法和语义上都是正确的。使用了正确的时态，句子结构清晰，且pemetrexed作为一个专有名词，指的是一种特定的活性物质，这在医学或化学的语境中是合理的。,7,0,standard,原句的时态为一般现在时，变异句的时态变为了过去时，符合指定的时态变换。
"Because these freshmen placed far more emphasis on their partisan role -- spreading the Reagan revolution -- in national policy making , they were more vulnerable to defeat .","Because these freshmen place far more emphasis on their partisan role -- spreading the Reagan revolution -- in national policy making, they are more vulnerable to defeat.",Realistic,这句话在语法和语义上都是正确的。因为从句描述了原因，主句说明了结果，两者之间逻辑关系清晰。'place emphasis on'表示强调某事物，'vulnerable to'表示易受...影响，这些都是符合英语习惯的表达方式。句子没有明显的语法错误，也没有违反常识。,29,0,standard,"原句使用的是过去时态（placed, were），变异句使用的是现在时态（place, are），符合指定的时态变换。"
"In the United States , retail sales have increased by 1.3 % in November , for the second month in a row , and far more than predicted .","In the United States, retail sales increased by 1.3% in November, for the second month in a row, and far more than predicted.",Realistic,该句子在语法和语义上都是正确的。使用了正确的时态和词汇表达了零售销售额的增长，并且句子结构清晰，没有违背常识。,29,0,standard,原句和变异句在时态上没有发生变化，都是使用了现在完成时态，即‘have increased’和‘increased’。指定变换为时态变换，但在这两个句子中并未观察到时态的改变。
"But in Baltimore , Dr. Vogelstein , a young molecular biologist at Johns Hopkins Medical School , believed Dr. Knudson was right , and set out to repeat the Cavenee experiment in cells from other cancers .","But in Baltimore, Dr. Vogelstein, a young molecular biologist at Johns Hopkins Medical School, believes Dr. Knudson is right, and is setting out to repeat the Cavenee experiment in cells from other cancers.",Realistic,该句子在语法和语义上都是正确的。主语是Dr. Vogelstein，谓语是believes和is setting out to repeat，宾语是Dr. Knudson is right和the Cavenee experiment in cells from other cancers。句子结构清晰，表达了一个具体的情景，没有语法错误，也没有违背常识。,37,0,standard,原句使用了一般过去时，而变异句使用了一般现在时，这表明动作从过去转移到了现在，符合时态变换的要求。
Haney scowled .,Haney scowls.,Realistic,句子结构正确，'Haney scowls'表示Haney皱眉或表现出不悦，这在语法和语义上是合理的。,3,0,standard,原句使用了一般过去时，变异句使用了一般现在时，时态发生了变换。
Ms. de Vries is a free-lance writer .,Ms. de Vries was a free-lance writer.,Realistic,句子'Ms. de Vries was a free-lance writer.'在语法和语义上都是正确的。'Ms.'是'Miss'的缩写，用于称呼未婚女性，'de Vries'是一个姓氏，'free-lance writer'表示自由职业作家，整个句子表达的是某人是自由职业作家的信息，没有语法错误，也不违反常识。,8,0,standard,原句使用了现在时态（is），变异句使用了过去时态（was），符合时态变换的要求。
The house just settled right down into the ground .,The house is settling right down into the ground.,Realistic,这个句子在语法上是正确的，使用了现在进行时态描述房子正在发生的动作。在语义上，'settling right down into the ground'可以理解为房子正在逐渐沉入地面，这在某些情境下是合理的描述，比如地基下陷或建筑问题。,10,1,standard,原句使用了一般过去时，变异句使用了现在进行时，时态发生了指定的变换。
Pete nodded understandingly .,Pete nods understandingly.,Realistic,句子结构正确，'Pete nods understandingly'意为'皮特理解地点头'，语法和语义都没有问题。,4,0,standard,原句使用了一般过去时，变异句使用了一般现在时，时态发生了指定的变换。
"Needless to say , it was an interesting first session !","Needless to say, it is an interesting first session!",Realistic,该句子在语法和语义上都是正确的。'Needless to say' 是一个常用的短语，表示某事是显而易见的，不需要说出来。'It is an interesting first session!' 表示对第一次会议（或课程、活动等）的评价，认为它很有趣。整个句子表达了一种积极的评价，没有语法错误，也不违反常识。,11,0,standard,原句使用了一般过去时（was），变异句使用了一般现在时（is），时态发生了指定的变换。
"At first , we were unfazed .","At first, we are unfazed.",Realistic,"句子“At first, we are unfazed.”在语法和语义上都是正确的。'At first'是一个常用的短语，表示起初或开始的时候；'unfazed'意味着没有被某事或某种情况所吓倒或困扰，是一个符合语境的形容词。整个句子表达了在某个初始阶段，我们并不感到不安或惊慌。",7,0,standard,原句使用了一般过去时，变异句使用了现在时，时态发生了变换。
The banks battling against a strong wind in the USA several years later .,The banks were battling against a strong wind in the USA several years ago.,Realistic,句子在语法和语义上都是正确的。'The banks'可以指河岸或银行，这里根据上下文可能指河岸。'Battling against a strong wind'是合理的描述，表示在对抗强风。整个句子描述了一个过去发生的事件，没有语法错误，也不违反常识。,14,1,standard,原句使用了一般现在进行时，变异句使用了过去进行时，符合时态变换的要求。
"The find is important in the search for life beyond Earth because researchers need to be able to recognize life , to know what life looks like , Anbar said .","The finding is important in the search for life beyond Earth because researchers need to be able to recognize life, to know what life looks like, Anbar says.",Realistic,这句话在语法和语义上都是正确的。主语是'The finding'，谓语是'is important'，并且因为它后面跟着原因状语从句（'because researchers need to...'），所以整体上句子结构清晰，意义明确。此外，句子的内容也符合常识，因为在外星生命搜索的研究中，确实需要研究者能够识别生命迹象。,31,0,standard,原句和变异句在时态上没有发生变化。原句使用了过去时（said），变异句也使用了现在时（says），都是描述Anbar的话语，时态保持一致，没有进行指定的时态变换。
"The advantage , obviously , consists in the fact that the players will begin the following phase of the Championship without cards that could threaten their participation in a future game .","The advantage, obviously, will be that the players will start the next phase of the Championship without cards that could threaten their participation in a future game.",Realistic,这句话在语法和语义上都是正确的。'The advantage'指的是某种优势，接下来的解释说明了这个优势是球员在下一阶段的冠军赛中不会因为累积黄牌或红牌而威胁到他们参加未来比赛的可能性。整个句子结构清晰，表达的意思也符合常理。,32,0,standard,原句中使用了现在时态「consists in」，而变异句中使用了将来时态「will be」，这是明显的时态变换。
"Mr. Kristol , an American Enterprise Institute fellow , co-edits The Public Interest and publishes The National Interest .","Mr. Kristol, an American Enterprise Institute fellow, is co-editing The Public Interest and is publishing The National Interest.",Realistic,该句子在语法和语义上都是正确的。主语'Mr. Kristol'后面跟着两个并列的现在进行时态的动词短语'an American Enterprise Institute fellow'和'is co-editing The Public Interest'，以及另一个并列的动词短语'is publishing The National Interest'，表明他正在进行的两个动作。句子没有语法错误，也没有违反常识。,19,0,standard,原句使用一般现在时，变异句使用现在进行时，表示动作正在发生，时态发生了指定的变换。
"We ran into the house to get Mame , but the next tremor threw me in the air and bounced me as I tried to get to my feet .","We run into the house to get Mame, but the next tremor throws me in the air and bounces me as I try to get to my feet.",Realistic,这句话在语法和语义上都是正确的。描述了在地震中试图站立时身体的反应，没有明显的语法错误，也没有违反常识。,30,1,standard,"原句使用的是过去式(ran, threw, bounced)，而变异句将时态改变为现在式(run, throws, try)，符合指定的时态变换。"
"The study shows that nearly 40 % of the homeless population is made up of women and children and that only 25 % of the homeless exhibits some combination of drug , alcohol and mental problems .","The study showed that nearly 40% of the homeless population was made up of women and children and that only 25% of the homeless exhibited some combination of drug, alcohol, and mental problems.",Realistic,该句子在语法和语义上都是正确的。主语和谓语搭配合理，使用了正确的时态和语态，且句子表达的意思符合常理。,37,1,standard,原句的时态为一般现在时，变异句的时态变为了过去时，符合指定的时态变换要求。
The dinner was held at a Washington hotel hours after the court 's conference over the case .,The dinner is being held at a Washington hotel hours after the court's conference over the case.,Realistic,这个句子在语法和语义上都是正确的。句子使用了现在进行时态，表达了即将发生的动作或安排。句子中的名词和动词搭配合理，没有明显的语法错误，且语义清晰，不违反常识。,18,0,standard,原句使用了一般过去时，变异句使用了现在进行时，时态发生了变换。
"History , after all , is not on his side .","History, after all, is not on his side.",Realistic,"这句话在语法和语义上都是正确的。'History, after all, is not on his side.'这句话意味着历史并不站在他的那边，表达了一个观点，语法结构也没有问题。",11,0,nonstandard,原句与变异句在时态上没有发生变化，都使用了现在时态。
"They will also tell you that even if you hate heights , you can still balloon .","They also tell you that even if you hate heights, you can still balloon.",Realistic,这句话在语法上是正确的，使用了条件句型“even if”来表达即使你害怕高度，你仍然可以乘坐热气球。语义上，这句话表达了即使有某种恐惧，仍然可以进行某项活动的可能性，这是符合常理的。,17,1,standard,原句和变异句的时态均为一般将来时，没有发生时态变换。
"But the United States is seen as the most influential country by respondents in Mexico and much of Central America , whereas Venezuela enjoys that distinction in Ecuador , the Dominican Republic and Nicaragua .","But the United States was seen as the most influential country by respondents in Mexico and much of Central America, whereas Venezuela enjoyed that distinction in Ecuador, the Dominican Republic and Nicaragua.",Realistic,该句子在语法和语义上都是正确的。主语、谓语、宾语等句子成分齐全，且句子表达的意思符合常识，没有逻辑上的错误。使用了whereas来对比两个不同的情况，这在英语中是常见的表达方式。,35,0,standard,"原句使用了一般现在时态（is seen, enjoys），变异句使用了过去时态（was seen, enjoyed），符合指定的时态变换。"
His was one of two research teams in 1984 to report dual chromosome losses for a rare childhood cancer of the kidney called Wilm 's tumor .,His is one of two research teams to report dual chromosome losses for a rare childhood cancer of the kidney called Wilm's tumor.,Realistic,这句话在语法和语义上都是正确的。主语是'His'，指代某个人的研究团队，谓语是'to report'，使用了不定式作真正的主语，这在英语中是常见的结构。'one of two research teams'表示有两个研究团队中的其中一个。'dual chromosome losses'指双重染色体损失，是一个专业术语。'a rare childhood cancer of the kidney called Wilm's tumor'描述了一种名为Wilm's tumor的罕见儿童肾癌，语义清晰。因此，这句话既没有语法错误，也没有违反常识。,27,0,standard,原句使用了过去时态（to report），而变异句使用了现在时态（to report），时态未发生指定的变换。
