sentence,mut_sentence,check,reason,tokens.num,mut.error
"`` But it 's just that -- well , you know .","But they 's just that -- well , you know .",Realistic,"句子中的'ils'缺少了必要的元音字母，应该是'they are'或者'they're'。此外，'well, you know'部分虽然常用于口语中表示犹豫或不确定，但整个句子结构不完整，缺乏明确的谓语动词。",12,1
I walked along Shattuck between Delaware and Cedar at a few minutes before eight this morning .,I walked along Shattuck between Delaware and Cedar at a few minutes before eight that morning.,Realistic,这句话在语法和语义上都是正确的。使用了正确的时态，且句子表达清晰，没有违反常识。,17,0
The study is based on 195 personal interviews with senior officials of the social partners as representatives of national level peak organisations in fifteen European countries .,The study is based on 195 personal interviews with senior officials of those social partners as representatives of national level peak organisations in fifteen European countries.,Realistic,该句子在语法和语义上都是正确的。句子结构清晰，主语、谓语和宾语完整，同时使用了合适的介词和定语来修饰名词，表达了在15个欧洲国家进行的针对高级官员的195次个人采访的研究基础。,27,0
"Emerging genetic tests will be able to spot such cancer-susceptible individuals , ushering in what some scientists believe is a new age of predictive cancer diagnosis .","Emerging genetic tests will be able to spot such cancer-susceptible individuals, ushering in what some scientists believe is that new age of predictive cancer diagnosis.",Realistic,句子中的'that'在此上下文中不必要，应该去掉。正确的表达应该是'new age of predictive cancer diagnosis'而不是'new age of that predictive cancer diagnosis'。,27,1
"Ray White in Utah and Walter Bodmer , a researcher in Great Britain , are close to finding another gene involved with some types of colon cancer , thought to be on chromosome 5 .","Ray White in Utah and Walter Bodmer, a researcher in Great Britain, are close to finding another gene involved with those types of colon cancer, thought to be on chromosome 5.",Realistic,该句子在语法和语义上都是正确的。主语是两个人，谓语使用了复数形式，且句子结构清晰，表达了研究人员接近发现与结肠癌相关的基因，并指出该基因被认为位于第5号染色体上，这符合科学研究的表述方式。,35,0
"During the past 25 years , the number of balloonists those who have passed a Federal Aviation Authority lighter-than-air test have swelled from a couple hundred to several thousand , with some estimates running as high as 10,000 .","During the past 25 years , the number of balloonists these who have passed a Federal Aviation Authority lighter-than-air test have swelled from a couple hundred to several thousand , with some estimates running as high as 10,000 .",Grammatical error,句中存在语法错误，'these who' 应为 'those who'，并且 'balloonists these' 也不符合英语习惯，应去掉 'these' 或改为 'these balloonists'。另外，'lighter-than-air test' 前面应该使用定冠词 'the'。句子结构也较为笨拙，可以更加简洁。,39,1
"In time , and two drinks later , he was complaining bitterly about his wife , He was on the subject for ten minutes or so when he noticed the renewed interest in his listener -- it showed in the alert face and the suddenly bright eyes .","In time , and two drinks later , he was complaining bitterly about his wife , He was on the subject for ten minutes or so when he noticed the renewed interest in his listener -- they showed in the alert face and the suddenly bright eyes .",Realistic,该句子在语法和语义上都是正确的。使用了恰当的时态和表达方式来描述情境，没有明显的语法错误，也没有违反常识。,48,0
I might have got hit by that truck if it was n't for you .,I might have got hit by this truck if it was n't for me.,Realistic,这句话的语法结构有误，正确的说法应该是反映说话者避免了事故的发生。应该使用‘if it weren't for me’作为条件句的虚拟语气形式，而且通常在这种句子中，主语应该是‘I might have been hit’来表示过去可能发生的事情。因此，更正后的句子应该是‘I might have been hit by this truck if it weren't for me.’,15,1
"-- It is generally desirable to use older textbooks -- many of them , alas , out of print -- rather than newer ones .","It is generally desirable to use older textbooks -- many of they, alas, out of print -- rather than newer ones.",Grammatical error,句中的代词使用错误，应该是'many of them'而不是'many of they'。在英语中，'they'是主格形式，而在这里需要使用宾格形式的'them'。,25,1
"Needless to say , it was an interesting first session !","Needless to say, they were an interesting first session!",Realistic,该句子在语法和语义上都是正确的。'Needless to say' 是一个常用的短语，表示某事是显而易见的，不需要说出来。'They were an interesting first session' 表示对第一次会议（或课程等）的评价，认为它是有趣的。整个句子表达了对某个活动积极的第一印象，没有语法错误，也不违反常识。,11,0
"But there is also a discordant , modern note in Aslacton , though it can not be heard by the church-goers enjoying the peal of bells this cool autumn evening .","But there is also a discordant, modern note in Aslacton, though they can not be heard by the church-goers enjoying the peal of bells this cool autumn evening.",Realistic,这句话在语法和语义上都是正确的。使用了discordant和modern这样的形容词来描述Aslacton的某个特点，并且通过使用转折词'But'来对比教堂钟声这一传统元素和现代元素。句子表达了在这个凉爽的秋夜，尽管教堂的钟声很悦耳，但Aslacton也有与现代不和谐的元素，这是可以理解的。,31,0
If you have entered the function click on the OK button to display the graph in the main window .,If me have entered the function click on the OK button to display the graph in the main window.,Grammatical error,主语使用错误，应使用第一人称单数形式'I'代替'me'；另外，'have entered'应改为过去式'entered'以与句子的一般现在时态保持一致。,20,1
"But is n't the desire for profit the driving force behind those who subscribe to , and advertise in , your paper ?","But isn't the desire for profit the driving force behind these who subscribe to, and advertise in, your paper?",Realistic,"这句话在语法和语义上都是正确的。句子使用了现在分词短语「subscribe to, and advertise in」来描述动作的执行者，表达了这些人订阅并广告的意图是受利润欲望的驱使。整个句子结构清晰，表达合理，没有违背常识。",23,0
"`` It does suggest that that there could be other ways to form life , not just how life formed on early Earth , '' said Foster , who was not part of Wolfe-Simon 's research team .","They do suggest that that there could be other ways to form life, not just how life formed on early Earth,' said Foster, who was not part of Wolfe-Simon's research team.",Grammatical error,"句子中出现了重复的单词'that'，这是不必要的，应该去掉第二个'that'。正确的句子应该是：They do suggest there could be other ways to form life, not just how life formed on early Earth,' said Foster, who was not part of Wolfe-Simon's research team.",38,1
"The latter are modish , trendy , often downright silly , and at best insubstantial .","The former are modish, trendy, often downright silly, and at best insubstantial.",Realistic,"这句话在语法和语义上都是正确的。'The former'指代前文提到的某个集合中的前面的部分或类别，这在英语中是常见的用法。形容词'modish', 'trendy', 'downright silly', 和'insubstantial'用来描述这些前述事物的特点，整个句子表达清晰，没有语法错误，也没有违反常识。",16,0
"One writer , signing his letter as `` Red-blooded , balanced male , `` remarked on the `` frequency of women fainting in peals , `` and suggested that they `` settle back into their traditional role of making tea at meetings . ``","One writer, signing his letter as `` Red-blooded, balanced male, '' remarked on the `` frequency of women fainting in peals, '' and suggested that us `` settle back into their traditional role of making tea at meetings.''",Grammatical error,句子中代词的使用不正确，应该是'settle back into their traditional roles' 而不是 'us settle back into their traditional role'。另外，'women fainting in peals' 这个表达在语义上也不清晰，可能是拼写错误或者用词不当。,44,1
"For Costa Rica , Bryan Ruiz is the one that registers more points , two more than Carlos Hernandez and three more than Roy Myrie and Parks .","For Costa Rica, Bryan Ruiz is the one this registers more points, two more than Carlos Hernandez and three more than Roy Myrie and Parks.",Realistic,句子的结构不够清晰，'this'在这里指代不明确，可能应该使用'that'或者去掉'this'。另外，比较的对象应该保持一致，'two more than Carlos Hernandez'和'three more than Roy Myrie and Parks'这样的表达方式使得比较的对象不清晰，应该使用并列结构来清晰表达每个对象的得分差距。,28,1
"Generates text files so it should be easy to fix using any text editor , like Kate .","Generates text files so they should be easy to fix using any text editor, like Kate.",Realistic,这句话在语法和语义上都是正确的。主语'Generates'和宾语'text files'构成了一个简单句，并且表达了因为生成的文件是文本文件，所以应该很容易用任何文本编辑器（例如Kate）来修复的意思。这个句子没有明显的语法错误，也没有违反常识。,18,0
"To add a new 2D graph on kalgebra , what you have to do is to go to the 2D Graph tab and click in the Add tab to add the new function .","To add a new 2D graph on kalgebra, what me have to do is to go to the 2D Graph tab and click in the Add tab to add the new function.",Grammatical error,句中的'me'应该是'I'，因为这里应该使用主格代词。另外，'click in the Add tab'表达不太自然，通常我们会说'click on the Add tab'或'click the Add tab'。,34,1
"As the economists Ian Goldin and Geoffrey Cameron , remind us in a recent book summarising the most recent knowledge of immigration ( Exceptional People : How Migration Shaped Our World and Will Define Our Future , mai 2011 , Princeton University Press , 352 pp . ) , there is wide consensus among specialists on the positive impact of migration flows on economic growth , wages and employment in countries , which admit immigrants .","As the economists Ian Goldin and Geoffrey Cameron, remind them in a recent book summarising the most recent knowledge of immigration (Exceptional People: How Migration Shaped Our World and Will Define Our Future, mai 2011, Princeton University Press, 352 pp.), there is wide consensus among specialists on the positive impact of migration flows on economic growth, wages and employment in countries, which admit immigrants.",Grammatical error,句子中的'remind them'在语法上不正确，应该使用'remind us'或者直接'remind'，因为作者和读者之间通常不会使用'them'。另外，'mai 2011'应该是'May 2011'，以正确表示月份。,76,1
It 's that we do not want to .,It's they who do not want to.,Grammatical error,在这个句子中，代词使用错误。当'It is'后面跟主语时，主语应该使用单数形式，因此应该使用'they'的单数形式'they'，即'It's he who...' 或者'It's she who...'，或者如果指的是多个单数形式的主体，如'It's he or she who...'。此外，如果指的是复数，通常不会在这种结构中使用'It's they'，而会使用'We'。因此，正确的表达可能是'It's we who do not want to'，如果想要表达的是复数的概念。,9,1
That is for the future .,This is for the future.,Realistic,这个句子在语法上是正确的，它是一个简单的陈述句。语义上，虽然缺乏上下文，但可以理解为对未来事物的描述或声明，没有明显的语义错误或违反常识。,6,0
"We really do know all we need to know , if only we could assimilate this knowledge into our thinking .","We really do know all we need to know, if only we could assimilate that knowledge into our thinking.",Realistic,这句话在语法上是正确的，使用了虚拟语气（if only）来表达一种假设或愿望，这在英语中是常见的表达方式。从语义上看，句子表达了人们拥有所需知识，但难点在于将这些知识融入到我们的思考过程中的观点，这是符合常识的。,21,0
"Moreover , ticket splitting appears to take the same peculiar pattern at the state government level as it does at the federal level .","Moreover, ticket splitting appears to take the same peculiar pattern at the state government level as they do at the federal level.",Grammatical error,句中的主语'ticket splitting'与谓语'take'之间应该保持单数形式的一致性。因为'ticket splitting'是一个单数概念，所以应该使用单数形式的动词。另外，'as they do'中的'they'指代不明确，应该指代'ticket splitting'，但是因为前面已经有了一个单数主语，所以这里应该使用单数代词'it'。,24,1
"Because of the isolation of the retinoblastoma tumor-suppressor gene , it became possible last January to find out what threat the Quinlan baby faced .","Because of the isolation of the retinoblastoma tumor-suppressor gene, they became possible last January to find out what threat the Quinlan baby faced.",Realistic,句子的结构不正确，使用了不恰当的时态和表达方式。应该使用一般过去时，并且表达方式需要更自然的连接词。例如，应该使用「it became possible to find out...」而不是「they became possible to find out...」。,25,1
"abc(params) : When the parser finds a function , it checks if abc is an operator .","abc(params) : When the parser finds a function , they checks if abc is an operator .",Grammatical error,句中的主语和谓语在数上不一致，'parser'是单数，但谓语动词'checks'使用了复数形式。此外，'abc'作为函数名，通常不会被称为'operator'，除非在特定的上下文中，这可能会导致语义上的混淆。,20,1
Give me your address .,Give me my address.,Counterintuitive,一般来说，一个人不会请求别人给他/她的地址，因为这通常是已知的信息。如果是在特定情境下，如询问别人寄送物品需要使用哪个地址，这句话可能需要重新表达以提供上下文。,5,1
"These case studies analysed the background of the initiatives , their impact on employment patterns and work organisations and assessed the benefits and problems of the initiative .","Those case studies analysed the background of the initiatives, their impact on employment patterns and work organisations and assessed the benefits and problems of the initiative.",Realistic,该句子在语法和语义上都是正确的。主语和谓语动词一致，使用了正确的时态，并且句子结构清晰，表达了合理的意义。,28,0
"It hopes to speak to students at theological colleges about the joys of bell ringing and will shortly publish a booklet for every vicar in the country entitled , `` The Bells in Your Care . ``","They hopes to speak to students at theological colleges about the joys of bell ringing and will shortly publish a booklet for every vicar in the country entitled, ""The Bells in Your Care.""",Grammatical error,主语'They'与动词'hopes'在数上不一致。正确的动词形式应该是'hope'，因为'They'是第三人称复数形式。,37,1
I was in the Berkeley Main library when it hit .,I was in the Berkeley Main library when they hit.,Realistic,这句话在语法和语义上都是正确的。主语是'I'，谓语是'was'，表示过去进行时态，表明动作发生在过去某个时间点。地点状语是'in the Berkeley Main library'，而'they hit'可能是省略了主语的句子，通常可以理解为某个未指明的主体（可能是某种打击或事件）发生的时候，说话者正在伯克利主图书馆。整个句子表达了过去的一个具体情境，没有语法错误，也没有违反常识。,11,0
"The new money flows into the already top-heavy administrative structure , which busies itself piling more and more paper work on the teachers .","The new money flows into the already top-heavy administrative structure, which busies that piling more and more paper work on the teachers.",Grammatical error,句子中的定语从句使用了错误的引导词和结构。应该使用关系代词‘which’来引导定语从句，并且‘busies’后面应该使用‘with’或‘in’来表示‘忙于’的意思。另外，‘paper work’通常为不可数名词，应使用单数形式‘paperwork’。,24,1
"Immigration policy under Nicolas Sarkozy was criticised from various aspects a congestion of police , legal and administrative services subjected to a policy of numbers and the compatibility of that policy with the self-proclaimed status of the country as the country of French human rights .","Immigration policy under Nicolas Sarkozy was criticised from various aspects a congestion of police, legal and administrative services subjected to a policy of numbers and the compatibility of this policy with the self-proclaimed status of the country as the country of French human rights.",Realistic,"句子结构较为复杂，存在一些语法上的问题。首先，'a congestion of police, legal and administrative services' 这个短语在这里使用不太恰当，应该使用定冠词 'the' 来指代特定的服务拥堵。其次，'subjected to a policy of numbers' 这个短语在这里语义上不太清晰，可能需要重新表达以增强语义连贯性。最后，'the self-proclaimed status of the country as the country of French human rights' 这个表达有些冗余，应该简化以提高可读性。",46,1
"It explains how the Committee for Medicinal Products for Human Use ( CHMP ) assessed the studies performed , to reach their recommendations on how to use the medicine .","They explain how the Committee for Medicinal Products for Human Use (CHMP) assessed the studies performed, to reach their recommendations on how to use the medicine.",Realistic,该句子在语法和语义上都是正确的。主语和谓语搭配合理，宾语从句也构造得当，说明了委员会如何评估研究以提出药物使用建议。,30,0
"This is a fact -- though , in view of all the feathers that are ruffled by this fact , it is not surprising that one hears so little about it .","That is a fact -- though, in view of all the feathers that are ruffled by that fact, it is not surprising that one hears so little about it.",Realistic,这句话在语法上是正确的，使用了破折号来引出一个附加说明，并且句子的结构完整，语义上表达了一个事实引起的争议和对此事较少讨论的预期。,32,0
"It made ample use of the modern techniques of influence peddling , retaining politically connected `` respectable `` law firms , investment bankers and political consultants , including Reagan confidant Lyn Nofzinger .","They made ample use of the modern techniques of influence peddling, retaining politically connected ""respectable"" law firms, investment bankers and political consultants, including Reagan confidant Lyn Nofzinger.",Realistic,该句子在语法和语义上都是正确的。使用了恰当的词汇和句式结构，表达了利用现代影响手段，保留了与政治有联系的法律公司、投资银行和政治顾问的情况，并且明确指出了包括里根总统的密友林恩·诺夫辛格。整个句子没有语法错误，也没有违反常识。,33,0
"After a while he began to feel better about it , especially when no one bothered to ask any questions .","After a while he began to feel better about them, especially when no one bothered to ask any questions.",Realistic,这句话在语法和语义上都是正确的。主语是'he'，谓语是'beganto feel better'，表达了一个人在一段时间后感觉好转的情况。特别是当没有人提问时，这种感觉更加明显，这部分使用了副词'especially'来强调。整个句子结构清晰，表达了一个合理的情境。,21,0
"Totally absorbed , the ringers stare straight ahead , using peripheral vision ( they call it `` rope-sight `` ) to watch the other ropes and thus time their pulls .","Totally absorbed, the ringers stare straight ahead, using peripheral vision (it call it ``rope-sight``) to watch the other ropes and thus time their pulls.",Grammatical error,句子中的代词使用错误，应将``it call it``更正为``they call it``，以保持主语``the ringers``的一致性。,31,1
"In this sense , a teacher can be compared to one 's family doctor .","In that sense, a teacher can be compared to one's family doctor.",Realistic,这句话在语法和语义上都是正确的。在比喻的语境下，将老师比作家庭医生是一种合理的比较，因为两者都在个人成长和健康方面扮演着重要和密切的角色。,15,0
"But it is about a long term advantage , with a certain degree of indetermination , because the team can be eliminated first of change , and in addition with this action the players fulfil a sanction game and go to the second cycle of cards , in which the suspension by card accumulation takes place with one less than in the first cycle .","But they are about a long term advantage, with a certain degree of indetermination, because the team can be eliminated first of change, and in addition with that action the players fulfil a sanction game and go to the second cycle of cards, in which the suspension by card accumulation takes place with one less than in the first cycle.",Grammatical error,句子结构复杂且混乱，存在多处语法错误。例如，'first of change' 应为 'first to change' 或 'first in line for change'；'in addition with that action' 应为 'in addition to that action'；'fulfil a sanction game' 不符合语义，可能应为 'fulfill a sanction' 或 'serve a sanctioning game'；'go to the second cycle of cards' 语义不清，可能应为 'enter the second cycle of card sanctions'；'suspension by card accumulation takes place with one less than in the first cycle' 表达不清，可能应为 'the suspension for card accumulation is one less than in the first cycle.',65,1
"The cops did n't suspect a thing , and I thought it was a coincidence .","The cops did n't suspect a thing , and I thought them was a coincidence .",Grammatical error,句中的'thought them was'使用了错误的语法结构。正确的结构应该是'thought it was'，因为'thought'后面应该跟宾语从句，且从句中的主语应该使用单数形式。,16,1
"I have based the syntax basically on common sense , it should not be hard for anyone .","I have based the syntax basically on common sense, they should not be hard for anyone.",Realistic,"句中的「based the syntax basically on common sense」使用了不必要的重复词（basically 和 common sense），「they should not be hard for anyone」在语法上没有明确的主语，与前半句的连接也不够流畅。建议改为：「I have based the syntax on common sense, so it should not be difficult for anyone."" 这样语法上更加正确，表达也更加清晰。",18,1
They focused on chromosome 17 .,This focused on chromosome 17.,Realistic,句子结构上，这是一个完整的句子。它使用了过去时态的动词短语 'focused on'，表达了过去某个动作的焦点是染色体17。在语义上，如果上下文合理，这句话可以正确表达一个关于研究或讨论聚焦于染色体17的事实。,6,0
"This way , and since Real Madrid will finish as leader of its group , both players will fulfil the prescribed sanction during the next game of league , against Auxerre , and will be able to get rid of the cards the following phase .","That way, and since Real Madrid will finish as leader of its group, both players will fulfil the prescribed sanction during the next game of league, against Auxerre, and will be able to get rid of the cards the following phase.",Realistic,该句子在语法和语义上都是正确的。句子使用了正确的时态和语法结构，说明了皇马将作为小组第一完成比赛，两名球员将在下一场联赛中对阵Auxerre的比赛中完成既定的停赛，并在下一个阶段摆脱红黄牌的影响。整个句子表达清晰，没有违反常识。,46,0
It contains the active substance pemetrexed .,They contain the active substance pemetrexed.,Realistic,句子结构完整，主谓宾语齐全，且语义表达清晰。'They contain the active substance pemetrexed.'这句话在语法上是正确的，主语是'They'，谓语是'contain'，宾语是'the active substance pemetrexed'，表达了'They'（指代某些对象）含有帕米昔布这一活性物质的意思。,7,0
"`` As a result , organisms have a hard time telling these elements apart . ''","As a result, organisms have a hard time telling those elements apart.",Realistic,该句子在语法和语义上都是正确的。'As a result' 是一个常用的连接词，用于表示结果或后果，而 'organisms have a hard time telling those elements apart' 在语义上表达了生物体在区分某些元素时遇到的困难，这在科学或生物学语境中是合理的表达。,16,0
"But it was seen as an important advance in a negotiation that is running out of time , with more than 100 world leaders arriving in Copenhagen next week .","But they were seen as an important advance in a negotiation that is running out of time, with more than 100 world leaders arriving in Copenhagen next week.",Realistic,此句在语法和语义上均正确。句子使用了正确的时态，表达了在谈判即将结束时，他们被视为一个重要的进展。同时，提及下周将有超过100位世界领导人抵达哥本哈根，为句子增添了额外的信息，这在语义上是通顺且合理的。,30,0
This is the real issue raised by the Wedtech scandal .,That is the real issue raised by the Wedtech scandal.,Realistic,该句子在语法和语义上都是正确的。主语'That'指代前文提到的某个问题，谓语动词'is'表明状态，'the real issue'是主语补足语，而(raised by the Wedtech scandal)是一个过去分词短语作定语，描述这个问题的来源，整个句子表达清晰，符合英语语法规则。,11,0
"Clement 's law firm , Bancroft PLLC , was one of almost two dozen firms that helped sponsor the annual dinner of the Federalist Society , a longstanding group dedicated to advocating conservative legal principles .","Clement's law firm, Bancroft PLLC, was one of almost two dozen firms this helped sponsor the annual dinner of the Federalist Society, a longstanding group dedicated to advocating conservative legal principles.",Grammatical error,"句中的「this helped sponsor」在语法上不正确，应该使用「that helped sponsor」或者「which helped sponsor」来引导定语从句，指代前面的「Clement's law firm, Bancroft PLLC」。此外，如果「this」是指代「almost two dozen firms」，那么它应该放在「almost two dozen firms」之后，但这样会导致意思上的混淆。正确的表达应该是「...was one of almost two dozen firms that helped sponsor...」",36,1
That 's why I -- why I do a free job now and then .,This 's why I -- why I do a free job now and then.,Realistic,这个句子中存在语法错误。首先，'This 's' 应该是 'This is'，省略了动词 'is'。其次，'why I -- why I' 重复了，应该只保留一个 'why I'。正确的表达应该是 'This is why I do a free job now and then.',15,1
"But there is not one shred of evidence that , other things being equal , salary differentials result in educational differentials .","But there is not one shred of evidence that, other things being that, salary differentials result in educational differentials.",Grammatical error,句中的短语 'other things being that' 语法上不正确，应该是 'other things being equal' 或 'all other things being equal'。此外，'salary differentials' 和 'educational differentials' 之间的逻辑关系表达不够清晰，可能导致语义上的混淆。,22,1
It is not surprising that parents find this romantic extravagance so attractive .,It is not surprising that parents find that romantic extravagance so attractive.,Realistic,这句话在语法和语义上都是正确的。句子使用了'It is not surprising that...'的结构，表达了对某种情况的预期或理解，这里是父母觉得浪漫的奢侈很有吸引力，这在语义上是合理的。句子没有明显的语法错误，符合英语语法规则。,13,0
Is there any empirical support for this theory ?,Is there any empirical support for that theory ?,Realistic,这个句子在语法上是正确的，使用了存在疑问的句型（existential question），询问是否有经验性的支持（empirical support）对于某个理论，这在语义上也是合理的，不违背常识。,9,0
Then I noticed the car was bouncing up and down as if someone were jumping on it .,Then I noticed the car was bouncing up and down as if someone were jumping on they.,Grammatical error,句子中的代词使用错误，应使用单数形式的‘it’代替‘they’，因为‘car’是单数。正确的表达应该是‘as if someone were jumping on it’。,18,1
The one exception to this recent trend was the defeat of 13 of the 52 freshman Republicans brought into office in 1980 by the Reagan revolution and running for re-election in 1982 .,The one exception to that recent trend was the defeat of 13 of the 52 freshman Republicans brought into office in 1980 by the Reagan revolution and running for re-election in 1982.,Realistic,该句子在语法和语义上都是正确的。主语、谓语、宾语等句子成分齐全，且句意表达清晰，没有违反常识。,33,0
"I was driving my truck , stopped at a red light at the corner of Shattuck and Alcatraz at the Oakland-Berkeley border when it hit .","I was driving my truck, stopped at a red light at the corner of Shattuck and Alcatraz at the Oakland-Berkeley border when they hit.",Realistic,这句话在语法和语义上都是正确的。主语是第一人称单数，动词时态是过去进行时，描述了一个正在进行的动作。句子中包含了过去时态的被动语态‘hit’，表明了在停车等红灯时发生了撞击。整个句子表达了在特定时间和地点的情境，没有语法错误，也没有违反常识。,26,0
It will take a little time .,They will take a little time.,Realistic,这个句子在语法上是正确的，使用了将来时态，表示将来会花费一些时间。在语义上，这个句子没有明显的错误，可以被理解为某个动作将会占用一些时间。,7,0
"This is clearly a game where a new economic hegemony is being developed , said Ulate , who also serves as the regional Mexico and Central America climate change adviser for Conservation International .","That is clearly a game where a new economic hegemony is being developed, said Ulate, who also serves as the regional Mexico and Central America climate change adviser for Conservation International.",Realistic,这句话在语法和语义上都是正确的。主语是Ulate，他在句中被指明有多重身份，包括作为Conservation International的区域墨西哥和中美洲气候变化顾问。句子使用了正确的时态和语态，表达了一个观点，即正在发展一个新的经济霸权。没有发现语法错误，也没有违反常识。,34,0
"`` To ring for even one service at this tower , we have to scrape , `` says Mr. Hammond , a retired water-authority worker . ``","To ring for even one service at that tower, we have to scrape, says Mr. Hammond, a retired water-authority worker.",Realistic,这句话在语法上是正确的，主语是Mr. Hammond，谓语是'says'，引号内直接引用了Mr. Hammond的话。从语义上看，这句话表达了为了在塔上敲钟哪怕是一次，也需要努力筹集资金的意思，没有违背常识。,27,0
"Actually , he regretted having opened his mouth when the truck came to a stop and the angry driver jumped down from the cab and walked back toward them .","Actually, he regretted having opened his mouth when the truck came to a stop and the angry driver jumped down from the cab and walked back toward us.",Realistic,这句话在语法和语义上都是正确的。使用了正确的时态（过去完成时），表达了在卡车停下并且愤怒的司机跳下车向我们走来时，他后悔张嘴说话的情感。句子结构清晰，没有语法错误，且符合常识。,30,0
These national studies will form the basis of a European report which synthesises overall practices .,Those national studies will form the basis of a European report which synthesises overall practices.,Realistic,该句子在语法和语义上都是正确的。'Those national studies'作为主语，'will form the basis of'是谓语，表达了将来的动作。'a European report'是宾语，后面跟定语从句'which synthesises overall practices'，描述了这份欧洲报告的内容。整个句子结构清晰，表达的意思符合逻辑。,16,0
This being typed in a standing position .,That being typed in a standing position.,Realistic,这个句子的结构不完整，缺乏主语和谓语动词的正确组合。此外，'being typed'这个短语在这里的使用也不恰当，它通常需要一个主语来表明是什么正在被输入。另外，'in a standing position'这个短语在这个上下文中似乎没有明确的意义关联。,8,1
Endless seconds wondering if those huge windows would buckle and shower us with glass .,Endless seconds wondering if these huge windows would buckle and shower us with glass.,Realistic,这句话在语法和语义上都是正确的。使用了现在分词短语（wondering）作为伴随状语，描述了持续不断的担忧。句子表达了对于大窗户是否会在压力下破裂并溅起玻璃的担忧，这在语义上是合理的，没有违反常识。,15,0
They could all fairly be described as `` pap `` courses .,It could all fairly be described as `` pap `` courses.,Realistic,该句子在语法和语义上都是正确的。'It could all fairly be described as `` pap '' courses.'这句话中，'It'作为形式主语，代表前面提到的一系列事物，'could'表示可能性，'fairly'作为副词修饰动词'described'，表示以一种公平或合理的方式，'`` pap '''是引用语，用来指代某些质量不高、内容浅显的课程，这在英式英语中是一个常用的俚语。整个句子表达的意思是合理的，没有语法错误，也不违反常识。,12,0
"This means `` tracking , `` whose main purpose is less to permit the gifted youngsters to flourish ( though that is clearly desirable ) than to ensure that the less gifted get the necessary grounding for further study or for entering the modern world of work .","That means `` tracking , `` whose main purpose is less to permit the gifted youngsters to flourish ( though that is clearly desirable ) than to ensure that the less gifted get the necessary grounding for further study or for entering the modern world of work.",Realistic,这个句子的语法和语义都是正确的。句子使用了``tracking``（分流教育）这个词，表达了其目的不仅是让有天赋的年轻人能够发展（虽然这是明显的愿望），而且更重要的是确保不那么有天赋的学生能够获得进一步学习或进入现代社会工作的必要基础。句子结构清晰，使用了比较级和定语从句，表达了复杂的意思，但语法上没有错误，也符合常识。,48,0
How many government programs and policies exist because they line the pockets of political insiders ?,How many government programs and policies exist because this line the pockets of political insiders?,Grammatical error,句子中的'because'通常引导原因状语从句，但这里似乎应该使用一个连词如'that'来引导定语从句修饰先行词'government programs and policies'。另外，'line the pockets'应该是'line their pockets'，表示政治内部人士的口袋被填满。因此，原句应该改为：How many government programs and policies exist that line the pockets of political insiders?,16,1
Community property deal -- you know .,Community property deal -- I know.,Realistic,这句话是一个简单的陈述句，语法上没有错误。'Community property deal -- I know.' 可以理解为主语省略了的情况，完整的句子可能是'I know about the community property deal.'，这在口语或非正式书写中是可以接受的。语义上，它表达了说话者对社区财产交易的了解。,7,0
This building shook like hell and it kept getting stronger .,That building shook like hell and it kept getting stronger.,Realistic,这个句子在语法上是正确的，使用了夸张的表达方式来描述一栋建筑物摇晃得非常剧烈，并且摇晃的强度还在增加。'like hell' 是一个非正式的习语，用来强调动作的程度。虽然用词比较口语化，但在描述震动强烈且逐渐增强的场景中，语义上是合理的。,11,0
Those are some of the findings of the latest Latinobarómetro poll taken in 18 countries and published exclusively by The Economist .,These are some of the findings of the latest Latinobarómetro poll taken in 18 countries and published exclusively by The Economist.,Realistic,这句话在语法和语义上都是正确的。主语是'These'，指代前文提到的某些发现。谓语是'are'，宾语是'some of the findings'。后面的定语从句修饰先行词'findings'，说明了这些发现是来自拉丁obarómetro的最新民意调查，并且是在18个国家进行的，且该调查结果是由《经济学人》杂志独家发布的。整个句子结构清晰，表达明确，没有语法错误，也没有违反常识。,22,0
Alimta is a powder that is made up into a solution for infusion ( drip into a vein ) .,Alimta is a powder this is made up into a solution for infusion ( drip into a vein ) .,Grammatical error,句中的'this is made up'应改为'that is made up'以保持从句的一致性和指代性。正确的句子应为：'Alimta is a powder that is made up into a solution for infusion (drip into a vein).' 或 'Alimta is a powder which is made up into a solution for infusion (drip into a vein).',20,1
"To the extent that the primary duty of personal staff involves local benefit-seeking , this indicates that political philosophy leads congressional Republicans to pay less attention to narrow constituent concerns .","To the extent that the primary duty of personal staff involves local benefit-seeking, that indicates that political philosophy leads congressional Republicans to pay less attention to narrow constituent concerns.",Realistic,该句子在语法和语义上都是正确的。句子使用了复杂的结构，其中'to the extent that'引导了一个条件状语从句，主句则表达了由此引出的结论。从句中的'primary duty of personal staff involves local benefit-seeking'说明了个人工作人员的主要职责是寻求地方利益，而主句则指出这反映了共和党议员的政治哲学导致他们较少关注狭隘的选民关注点。这个句子没有明显的语法错误，也没有违反常识。,31,0
"Each legislator , after all , is only one out of 535 when it comes to national policy making .","Each legislator, after all, is only one out of 535 when they come to national policy making.",Realistic,这句话在语法和语义上都是正确的。'Each legislator' 指的是每一位立法者，'is only one out of 535' 表示在535名立法者中，每一位都只是其中一员。'When they come to national policy making' 指的是在参与国家政策制定时，这个句子没有明显的语法错误，也没有违背常识。,20,0
It is actually not necessary to know MathML to use kalgebra .,They are actually not necessary to know MathML to use kalgebra.,Grammatical error,句子中的动词 'to know' 应该使用原形 'know'，因为 'not' 通常位于助动词或情态动词之后，而不是不定式之前。正确的表达应该是 'They are actually not necessary to know' 改为 'They are actually not necessary to know or' 或者 'They do not actually need to know'。,12,1
"When it was n't my turn in the balloon I followed its progress from the `` chase car , `` listening to the driver holler into a walkie-talkie .","When it wasn't my turn in the balloons I followed their progress from the `` chase car, '' listening to the driver holler into a walkie-talkie.",Realistic,这句话在语法和语义上都是正确的。句子描述了在热气球活动期间，当不是说话者的轮次时，他/她在追逐车里通过步话机听着司机的呼喊来关注进展。句子结构完整，使用了正确的时态和词汇，没有违背常识。,29,0
"Some of the jurors have said they were horrified by the photographs of the victims , Jennifer Hawke-Petit , 48 , and her daughters , Hayley , 17 , and Michaela , 11 .","Some of the jurors have said them were horrified by the photographs of the victims , Jennifer Hawke-Petit , 48 , and her daughters , Hayley , 17 , and Michaela , 11 .",Grammatical error,主谓一致错误，应使用第三人称复数形式的动词。正确的动词形式应为WERE，而不是SAY THEM WERE。另外，SAY后应直接跟宾语从句，并使用正确的代词形式。,34,1
"Like most of the other 6,000 churches in Britain with sets of bells , St. Michael once had its own `` band `` of ringers , who would herald every Sunday morning and evening service .","Like most of the other 6,000 churches in Britain with sets of bells, St. Michael once had their own `` band `` of ringers, who would herald every Sunday morning and evening service.",Grammatical error,句子中的代词使用错误，应该使用单数形式的‘its own’而不是‘their own’，因为主语是单数形式的‘St. Michael’。,36,1
"In every presidential election over the past half century , except for the Goldwater presidential candidacy , the GOP has captured a greater percentage of the major - party popular vote for president than it has of congressional seats or the popular vote for Congress .","In every presidential election over the past half century , except for the Goldwater presidential candidacy , the GOP has captured a greater percentage of the major-party popular vote for president than they have of congressional seats or the popular vote for Congress .",Realistic,该句子在语法和语义上都是正确的。使用了正确的时态和比较结构，表达了过去半个世纪中，除了Goldwater的总统竞选之外，GOP在总统选举中获得的多数党票比例高于他们在国会席位或国会普选中的比例。这个句子没有明显的语法错误，也没有违反常识。,46,0
"He believed colon cancer might also arise from multiple `` hits `` on cancer suppressor genes , because it often seems to develop in stages .","He believed colon cancer might also arise from multiple `` hits `` on cancer suppressor genes, because they often seems to develop in stages.",Grammatical error,"句中的""seems""应与前面的""they""保持一致，使用复数形式""seem""。正确的句子应为：...because they often seem to develop in stages.",26,1
This favorite grievance was not the landlord .,That favorite grievance was not the landlord.,Realistic,句子的结构看起来有些混乱，'favorite grievance' 与 'the landlord' 之间的关系不太清晰。'Grievance' 通常指的是不满或抱怨，而将其描述为 'favorite' 是不寻常的，因为人们通常不会把不满视为喜好。此外，'was not the landlord' 这个短语在这里没有很好地与主语 'favorite grievance' 连接，导致句子的意思含糊不清。,8,1
This document is a summary of the European Public Assessment Report .,That document is a summary of the European Public Assessment Report.,Realistic,该句子在语法和语义上都是正确的。主语'That document'和谓语'is'搭配合理，且句子表达的意思清晰，没有违反常识。,12,0
"Thus at the recent governors ' conference on education , Gov. Bill Clinton of Arkansas announced that `` this country needs a comprehensive child-development policy for children under five . ``","Thus at the recent governors' conference on education, Gov. Bill Clinton of Arkansas announced that `` that country needs a comprehensive child-development policy for children under five. ''",Realistic,这句话在语法和语义上都是正确的。使用了适当的引号来引用某人的话语，并且句子的结构清晰，表达了州长比尔·克林顿在会议上提出的一个观点。,32,0
"If you want more information on the basis of the CHMP recommendations , read the Scientific Discussion ( also part of the EPAR ) .","If me want more information on the basis of the CHMP recommendations, read the Scientific Discussion (also part of the EPAR).",Grammatical error,主语使用错误，应使用第一人称单数形式'I'代替'me'。,25,1
"But it is unfair to dump on teachers , as distinct from the educational establishment .","But them are unfair to dump on teachers , as distinct from the educational establishment .",Grammatical error,"主语使用错误，应使用单数形式'them'应改为'they'；此外，'as distinct from'后面应该接名词或名词短语，而这里使用了定冠词'the'，应该使用复数形式。正确的句子应该是：But they are unfair to dump on teachers, as distinct from the educational establishments.",16,1
The damage brought about to the principles of the sport by these actions is not as much ethical as aesthetic .,The damage brought about to the principles of the sport by those actions is not as much ethical as aesthetic.,Realistic,句中的「is not as much ethical as aesthetic」在语法上不正确，应该使用形容词的比较级形式。正确的表达应该是「is not as ethical as aesthetic」或者「is not as much about ethics as about aesthetics」。,21,1
"Arsenic was more common in the early times on Earth , she said , so researchers have speculated that early life forms might have used it .","Arsenic was more common in the early times on Earth, she said, so researchers have speculated that early life forms might have used them.",Grammatical error,句子中的'might have used them'应改为'might have used it'，因为前面的'arsenic'是单数，代词应该保持一致。,27,1
Why had n't he noticed it before ?,Why had n't he noticed them before?,Realistic,句子中的 'had n't' 应该是 'hadn't'，这是 'had' 和 'not' 的缩写形式，需要连在一起写。正确的形式是 'Why hadn't he noticed them before?',8,1
"But his new-found buddy had matched him drink for drink until he lost count , and the man 's eyes were still clear .","But that new-found buddy had matched him drink for drink until he lost count, and the man's eyes were still clear.",Realistic,句子在语法和语义上都是正确的。使用了过去完成时态「had matched」来描述过去发生的事件，并且「until he lost count」表明动作持续到某个不确定的时间点。此外，句子的后半部分表明尽管喝了酒，但那个人的眼睛仍然清晰，这在语义上是合理的描述。,24,0
He had already quite forgotten about him .,He had already quite forgotten about them.,Realistic,句子在语法和语义上都是正确的。使用了过去完成时态，表示在过去某个时间点之前已经完成的动作，符合英语语法规则。,8,0
"In his program , François Hollande confines himself to banalities , saying that co-development would allow our immigration problem to be solved . ''","In his program, François Hollande confines himself to banalities, saying that co-development would allow that immigration problem to be solved.",Realistic,这句话在语法和语义上都是正确的。主语是François Hollande，谓语是confines，宾语是himself to banalities，后面的saying引导的是现在分词短语作状语，补充说明了他所说的话。句子的意思是在他的计划中，François Hollande局限于陈词滥调，提到共同发展可以解决移民问题，这并不违反常识。,24,0
"It was like a recurrent , annoying dream , but now the dream was beginning to take on overtones of a nightmare .","They were like recurrent, annoying dreams, but now the dreams were beginning to take on overtones of a nightmare.",Realistic,这句话在语法和语义上都是正确的。使用了比喻的修辞手法，将某些不断重复且令人烦恼的经历比作是反复出现的梦，并且进一步指出这些梦现在开始带有噩梦的特征。句子结构完整，没有语法错误，且表达清晰，符合常识。,23,0
"That s easy . With this , we can operate with functions like cos() , sin() , any other trigonometric functions , sum () or product () .","That's easy. With that, we can operate with functions like cos(), sin(), any other trigonometric functions, sum() or product().",Realistic,"这句话在语法和语义上都是正确的。它表达了一个观点，即通过某种方式（可能是上下文中提到的某种工具或方法），可以轻松地使用诸如cos(), sin(), 其他三角函数，以及sum()和product()等函数。句子结构简单明了，没有语法错误，也没有违反常识。",34,0
Suppose -- just suppose this guy was really what he said he was T ! !,Suppose -- just suppose that guy was really what he said he was T ! !,Realistic,这句话使用了假设的语气，并且在口语中常见这样的感叹句表达方式。虽然感叹号连用两个显得有些非正式，但这并不影响句子的可理解性和语法正确性。,16,0
Whether they are or are not underpaid is a problem of equity ; it is not an educational problem .,Whether they are or are not underpaid is a problem of equity ; they is not an educational problem .,Grammatical error,主谓一致错误，'they is' 应该是 'they are'。,20,1
"Our pilot simply laughed , fired up the burner and with another blast of flame lifted us , oh , a good 12-inches above the water level .","Our pilot simply laughed, fired up the burner and with another blast of flame lifted them, oh, a good 12-inches above the water level.",Realistic,这句话在语法和语义上都是正确的。主语和谓语搭配合理，句子描述了一个飞行员点燃燃烧器，并通过火焰将某物提升到水面以上12英寸的情景。此描述没有明显的语法错误，也没有违反常识。,28,0
It could have been an accident `` .,That could have been an accident.,Realistic,这句话在语法上是正确的，使用了情态动词 'could have been' 表示对过去可能发生的事情的推测，符合英语语法规则。语义上，这句话表达了对过去某个事件可能是一个意外的推测，这在日常语境中是合理的。,8,0
"This meant returning to the golf course , where we watched a few French duffers maul the first tee while we sat under Cinzano umbrellas , me nursing an espresso and my ego .","That meant returning to the golf course, where we watched a few French duffers maul the first tee while we sat under Cinzano umbrellas, me nursing an espresso and my ego.",Realistic,该句子在语法和语义上都是正确的。句子使用了形象生动的描写，描述了作者在高尔夫球场上的情景，没有明显的语法错误，也没有违反常识。,34,0
"Those actions are really against the sporting spirit , which is part of the strategic decisions that favor taking advantages allowed by the rules .","These actions are really against the sporting spirit, which is part of the strategic decisions that favor taking advantages allowed by the rules.",Realistic,句中的定语从句「which is part of the strategic decisions that favor taking advantages allowed by the rules」使用了非限制性定语从句，但是它前面没有明确的先行词，造成了语义上的混乱。另外，「favor taking advantages allowed by the rules」表达上有些拗口，可以简化为「favoring advantages within the rules」以增强语义清晰度。,25,1
"The three of us stopped breathing for a moment , and then when it kept on coming we lunged for the doorway .","The three of us stopped breathing for a moment, and then when they kept on coming we lunged for the doorway.",Realistic,这句话在语法和语义上都是正确的。主语是'The three of us'，谓语是'stopped breathing for a moment'，接着是一个并列句，使用了'and then'来连接两个动作，第一个动作是停止呼吸，第二个动作是向门口扑去。整个句子描述了一个连贯的场景，没有明显的语法错误，也没有违反常识。,23,0
"`` It makes you wonder what else is possible , '' said Ariel D. Anbar of Arizona State University , a co-author of the report .","They make you wonder what else is possible, '' said Ariel D. Anbar of Arizona State University, a co-author of the report.",Realistic,这句话在语法和语义上都是正确的。它使用了直接引语，引用了Ariel D. Anbar的话，他是亚利桑那州立大学的合作作者，句子的结构完整，表达清晰，没有语法错误，也没有违反常识。,26,0
Americans it seems have followed Malcolm Forbes 's hot-air lead and taken to ballooning in a heady way .,Americans they seems have followed Malcolm Forbes 's hot-air lead and taken to ballooning in a heady way.,Grammatical error,主语和谓语动词在数上不一致，应使用复数形式的's'；另外，'they seems'应改为they seem，因为主语是复数。句子结构也不太流畅，建议调整为更自然的表达方式。,19,1
"With that authority , of course , goes an unambiguous accountability .","With this authority, of course, goes an unambiguous accountability.",Realistic,该句子在语法和语义上都是正确的。'With this authority...' 意味着随着这种权力的赋予，当然也会有明确的责任。句子结构完整，意义清晰，符合常识和英语表达习惯。,12,0
